game_id,num_players,map,scoring_tiles,bonus_tiles,power_variant,all_factions,winning_faction,winner_vp,month,year
pbc3,3,126fe960806d587c78546b30f1a90853b1ada468,"['SCORE2', 'SCORE4', 'SCORE1', 'SCORE7', 'SCORE5', 'SCORE8']","['BON9', 'BON2', 'BON8', 'BON1', 'BON6', 'BON7']",False,"['darklings', 'halflings', 'dwarves']",dwarves,170,02,2013
10,4,126fe960806d587c78546b30f1a90853b1ada468,"['SCORE1', 'SCORE7', 'SCORE6', 'SCORE4', 'SCORE5', 'SCORE8']","['BON9', 'BON6', 'BON4', 'BON7', 'BON2', 'BON5', 'BON3']",False,"['chaosmagicians', 'darklings', 'swarmlings', 'witches']",darklings,154,03,2013
21,4,126fe960806d587c78546b30f1a90853b1ada468,"['SCORE1', 'SCORE7', 'SCORE6', 'SCORE3', 'SCORE5', 'SCORE8']","['BON6', 'BON4', 'BON7', 'BON2', 'BON5', 'BON8', 'BON3']",False,"['auren', 'nomads', 'giants', 'mermaids']",mermaids,146,03,2013
5,4,126fe960806d587c78546b30f1a90853b1ada468,"['SCORE2', 'SCORE1', 'SCORE6', 'SCORE3', 'SCORE4', 'SCORE8']","['BON9', 'BON4', 'BON7', 'BON2', 'BON8', 'BON1', 'BON3']",False,"['cultists', 'swarmlings', 'nomads', 'alchemists']",swarmlings,129,03,2013
8,5,126fe960806d587c78546b30f1a90853b1ada468,"['SCORE2', 'SCORE6', 'SCORE4', 'SCORE1', 'SCORE7', 'SCORE3']","['BON6', 'BON4', 'BON7', 'BON2', 'BON5', 'BON8', 'BON1', 'BON3']",False,"['chaosmagicians', 'alchemists', 'engineers', 'swarmlings', 'fakirs']",engineers,130,03,2013
9,5,126fe960806d587c78546b30f1a90853b1ada468,"['SCORE2', 'SCORE6', 'SCORE7', 'SCORE3', 'SCORE5', 'SCORE8']","['BON9', 'BON6', 'BON7', 'BON2', 'BON5', 'BON8', 'BON1', 'BON3']",False,"['chaosmagicians', 'darklings', 'dwarves', 'swarmlings', 'cultists']",darklings,143,03,2013
gareth4,4,126fe960806d587c78546b30f1a90853b1ada468,"['SCORE6', 'SCORE4', 'SCORE7', 'SCORE3', 'SCORE5', 'SCORE8']","['BON9', 'BON6', 'BON4', 'BON7', 'BON2', 'BON5', 'BON8']",False,"['mermaids', 'chaosmagicians', 'nomads', 'alchemists']",alchemists,143,03,2013
gareth5,5,126fe960806d587c78546b30f1a90853b1ada468,"['SCORE1', 'SCORE2', 'SCORE6', 'SCORE3', 'SCORE4', 'SCORE8']","['BON9', 'BON6', 'BON7', 'BON2', 'BON5', 'BON8', 'BON1', 'BON3']",False,"['dwarves', 'cultists', 'witches', 'chaosmagicians', 'mermaids']",cultists,133,03,2013
gareth6,5,126fe960806d587c78546b30f1a90853b1ada468,"['SCORE2', 'SCORE6', 'SCORE4', 'SCORE7', 'SCORE3', 'SCORE8']","['BON6', 'BON4', 'BON7', 'BON2', 'BON5', 'BON8', 'BON1', 'BON3']",False,"['halflings', 'giants', 'dwarves', 'swarmlings', 'witches']",dwarves,138,03,2013
pbc1,5,126fe960806d587c78546b30f1a90853b1ada468,"['SCORE2', 'SCORE4', 'SCORE1', 'SCORE7', 'SCORE3', 'SCORE5']","['BON9', 'BON4', 'BON7', 'BON2', 'BON5', 'BON8', 'BON1', 'BON3']",False,"['chaosmagicians', 'darklings', 'halflings', 'nomads', 'witches']",halflings,138,03,2013
pbc2,3,126fe960806d587c78546b30f1a90853b1ada468,"['SCORE2', 'SCORE4', 'SCORE1', 'SCORE3', 'SCORE5', 'SCORE8']","['BON6', 'BON7', 'BON2', 'BON8', 'BON1', 'BON3']",False,"['mermaids', 'nomads', 'engineers']",mermaids,188,03,2013
skelly1,4,126fe960806d587c78546b30f1a90853b1ada468,"['SCORE6', 'SCORE1', 'SCORE7', 'SCORE3', 'SCORE5', 'SCORE8']","['BON6', 'BON4', 'BON2', 'BON5', 'BON8', 'BON1', 'BON3']",False,"['fakirs', 'chaosmagicians', 'auren', 'alchemists']",auren,153,03,2013
skelly1b,4,126fe960806d587c78546b30f1a90853b1ada468,"['SCORE2', 'SCORE4', 'SCORE1', 'SCORE7', 'SCORE3', 'SCORE8']","['BON4', 'BON7', 'BON2', 'BON5', 'BON8', 'BON3']",False,"['engineers', 'giants', 'alchemists', 'halflings']",alchemists,105,03,2013
skelly1e,4,126fe960806d587c78546b30f1a90853b1ada468,"['SCORE2', 'SCORE6', 'SCORE4', 'SCORE1', 'SCORE3', 'SCORE5']","['BON9', 'BON4', 'BON7', 'BON2', 'BON5', 'BON1', 'BON3']",False,"['dwarves', 'swarmlings', 'giants', 'nomads']",swarmlings,132,03,2013
skelly1f,4,126fe960806d587c78546b30f1a90853b1ada468,"['SCORE2', 'SCORE4', 'SCORE1', 'SCORE7', 'SCORE3', 'SCORE8']","['BON9', 'BON6', 'BON4', 'BON7', 'BON2', 'BON8', 'BON3']",False,"['darklings', 'mermaids', 'halflings', 'witches']",halflings,116,03,2013
sls2,5,126fe960806d587c78546b30f1a90853b1ada468,"['SCORE4', 'SCORE1', 'SCORE7', 'SCORE3', 'SCORE5', 'SCORE8']","['BON9', 'BON6', 'BON4', 'BON7', 'BON2', 'BON5', 'BON8', 'BON3']",False,"['cultists', 'chaosmagicians', 'swarmlings', 'witches', 'nomads']",swarmlings,133,03,2013
verandi1,4,126fe960806d587c78546b30f1a90853b1ada468,"['SCORE2', 'SCORE4', 'SCORE7', 'SCORE3', 'SCORE5', 'SCORE8']","['BON6', 'BON4', 'BON2', 'BON5', 'BON8', 'BON1', 'BON3']",False,"['darklings', 'dwarves', 'halflings', 'fakirs']",dwarves,152,03,2013
15,4,126fe960806d587c78546b30f1a90853b1ada468,"['SCORE2', 'SCORE1', 'SCORE7', 'SCORE3', 'SCORE5', 'SCORE8']","['BON9', 'BON6', 'BON4', 'BON7', 'BON2', 'BON5', 'BON8']",False,"['chaosmagicians', 'witches', 'alchemists', 'halflings']",halflings,142,04,2013
17,5,126fe960806d587c78546b30f1a90853b1ada468,"['SCORE2', 'SCORE4', 'SCORE1', 'SCORE7', 'SCORE5', 'SCORE8']","['BON9', 'BON6', 'BON4', 'BON7', 'BON2', 'BON5', 'BON8', 'BON1']",False,"['chaosmagicians', 'darklings', 'swarmlings', 'nomads', 'engineers']",engineers,140,04,2013
18,4,126fe960806d587c78546b30f1a90853b1ada468,"['SCORE2', 'SCORE4', 'SCORE1', 'SCORE7', 'SCORE3', 'SCORE8']","['BON9', 'BON6', 'BON7', 'BON2', 'BON5', 'BON8', 'BON1']",False,"['halflings', 'alchemists', 'dwarves', 'swarmlings']",swarmlings,142,04,2013
20,5,126fe960806d587c78546b30f1a90853b1ada468,"['SCORE2', 'SCORE6', 'SCORE1', 'SCORE7', 'SCORE5', 'SCORE8']","['BON9', 'BON4', 'BON7', 'BON2', 'BON5', 'BON8', 'BON1', 'BON3']",False,"['chaosmagicians', 'darklings', 'halflings', 'nomads', 'witches']",halflings,136,04,2013
23,4,126fe960806d587c78546b30f1a90853b1ada468,"['SCORE2', 'SCORE4', 'SCORE1', 'SCORE7', 'SCORE3', 'SCORE5']","['BON9', 'BON6', 'BON7', 'BON2', 'BON5', 'BON8', 'BON3']",False,"['alchemists', 'engineers', 'swarmlings', 'fakirs']",swarmlings,139,04,2013
24,5,126fe960806d587c78546b30f1a90853b1ada468,"['SCORE2', 'SCORE6', 'SCORE4', 'SCORE1', 'SCORE7', 'SCORE5']","['BON9', 'BON6', 'BON4', 'BON7', 'BON5', 'BON8', 'BON1', 'BON3']",False,"['darklings', 'dwarves', 'mermaids', 'cultists', 'chaosmagicians']",mermaids,149,04,2013
25,5,126fe960806d587c78546b30f1a90853b1ada468,"['SCORE2', 'SCORE4', 'SCORE1', 'SCORE7', 'SCORE5', 'SCORE8']","['BON9', 'BON6', 'BON4', 'BON2', 'BON5', 'BON8', 'BON1', 'BON3']",False,"['swarmlings', 'witches', 'chaosmagicians', 'alchemists', 'halflings']",halflings,131,04,2013
26,5,126fe960806d587c78546b30f1a90853b1ada468,"['SCORE2', 'SCORE4', 'SCORE1', 'SCORE3', 'SCORE5', 'SCORE8']","['BON9', 'BON6', 'BON4', 'BON7', 'BON2', 'BON5', 'BON1', 'BON3']",False,"['dwarves', 'alchemists', 'auren', 'nomads', 'swarmlings']",alchemists,141,04,2013
29,4,126fe960806d587c78546b30f1a90853b1ada468,"['SCORE2', 'SCORE4', 'SCORE7', 'SCORE3', 'SCORE5', 'SCORE8']","['BON9', 'BON4', 'BON7', 'BON2', 'BON5', 'BON1', 'BON3']",False,"['chaosmagicians', 'alchemists', 'engineers', 'witches']",chaosmagicians,131,04,2013
34,5,126fe960806d587c78546b30f1a90853b1ada468,"['SCORE2', 'SCORE6', 'SCORE7', 'SCORE5', 'SCORE4', 'SCORE8']","['BON9', 'BON6', 'BON4', 'BON7', 'BON2', 'BON8', 'BON1', 'BON3']",False,"['auren', 'cultists', 'swarmlings', 'giants', 'fakirs']",auren,135,04,2013
38,5,126fe960806d587c78546b30f1a90853b1ada468,"['SCORE2', 'SCORE6', 'SCORE4', 'SCORE7', 'SCORE3', 'SCORE8']","['BON9', 'BON6', 'BON4', 'BON7', 'BON2', 'BON5', 'BON8', 'BON1']",False,"['auren', 'alchemists', 'nomads', 'engineers', 'mermaids']",auren,126,04,2013
39,5,126fe960806d587c78546b30f1a90853b1ada468,"['SCORE1', 'SCORE7', 'SCORE6', 'SCORE3', 'SCORE4', 'SCORE8']","['BON9', 'BON6', 'BON4', 'BON7', 'BON2', 'BON5', 'BON8', 'BON1']",False,"['halflings', 'nomads', 'mermaids', 'engineers', 'darklings']",darklings,153,04,2013
40,5,126fe960806d587c78546b30f1a90853b1ada468,"['SCORE4', 'SCORE1', 'SCORE7', 'SCORE3', 'SCORE5', 'SCORE8']","['BON9', 'BON4', 'BON7', 'BON2', 'BON5', 'BON8', 'BON1', 'BON3']",False,"['alchemists', 'dwarves', 'cultists', 'nomads', 'swarmlings']",swarmlings,130,04,2013
7,5,126fe960806d587c78546b30f1a90853b1ada468,"['SCORE1', 'SCORE7', 'SCORE3', 'SCORE4', 'SCORE5', 'SCORE8']","['BON6', 'BON4', 'BON7', 'BON2', 'BON5', 'BON8', 'BON1', 'BON3']",False,"['mermaids', 'halflings', 'witches', 'chaosmagicians', 'darklings']",darklings,138,04,2013
BlaGame1,2,126fe960806d587c78546b30f1a90853b1ada468,"['SCORE2', 'SCORE1', 'SCORE6', 'SCORE3', 'SCORE5', 'SCORE8']","['BON9', 'BON2', 'BON6', 'BON3']",False,"['alchemists', 'dwarves']",dwarves,139,04,2013
BlaGame10,2,126fe960806d587c78546b30f1a90853b1ada468,"['SCORE2', 'SCORE6', 'SCORE4', 'SCORE1', 'SCORE3', 'SCORE5']","['BON9', 'BON2', 'BON6', 'BON3', 'BON7']",False,"['alchemists', 'dwarves']",alchemists,128,04,2013
BlaGame2,2,126fe960806d587c78546b30f1a90853b1ada468,"['SCORE2', 'SCORE6', 'SCORE1', 'SCORE3', 'SCORE5', 'SCORE8']","['BON9', 'BON5', 'BON1', 'BON4', 'BON7']",False,"['auren', 'fakirs']",auren,130,04,2013
BlaGame3,2,126fe960806d587c78546b30f1a90853b1ada468,"['SCORE2', 'SCORE6', 'SCORE7', 'SCORE3', 'SCORE5', 'SCORE8']","['BON5', 'BON8', 'BON1', 'BON4', 'BON3']",False,"['mermaids', 'giants']",mermaids,132,04,2013
BlaGame4,2,126fe960806d587c78546b30f1a90853b1ada468,"['SCORE2', 'SCORE6', 'SCORE4', 'SCORE7', 'SCORE3', 'SCORE5']","['BON9', 'BON5', 'BON8', 'BON6', 'BON7']",False,"['halflings', 'witches']",halflings,130,04,2013
BlaGame5,2,126fe960806d587c78546b30f1a90853b1ada468,"['SCORE2', 'SCORE4', 'SCORE1', 'SCORE7', 'SCORE3', 'SCORE5']","['BON9', 'BON8', 'BON6', 'BON4', 'BON3']",False,"['darklings', 'dwarves']",darklings,145,04,2013
BlaGame6,2,126fe960806d587c78546b30f1a90853b1ada468,"['SCORE1', 'SCORE2', 'SCORE7', 'SCORE3', 'SCORE5', 'SCORE8']","['BON9', 'BON2', 'BON8', 'BON4', 'BON7']",False,"['halflings', 'swarmlings']",halflings,146,04,2013
BlaGame7,2,126fe960806d587c78546b30f1a90853b1ada468,"['SCORE2', 'SCORE6', 'SCORE4', 'SCORE1', 'SCORE7', 'SCORE3']","['BON9', 'BON2', 'BON5', 'BON4', 'BON3']",False,"['auren', 'mermaids']",auren,99,04,2013
BlaGame8,5,126fe960806d587c78546b30f1a90853b1ada468,"['SCORE2', 'SCORE6', 'SCORE3', 'SCORE4', 'SCORE5', 'SCORE8']","['BON6', 'BON4', 'BON7', 'BON2', 'BON5', 'BON8', 'BON1', 'BON3']",False,"['chaosmagicians', 'alchemists', 'mermaids', 'nomads', 'witches']",nomads,118,04,2013
BlaGame9,2,126fe960806d587c78546b30f1a90853b1ada468,"['SCORE2', 'SCORE6', 'SCORE4', 'SCORE1', 'SCORE7', 'SCORE8']","['BON5', 'BON1', 'BON4', 'BON3', 'BON7']",False,"['auren', 'halflings']",auren,125,04,2013
BlaTest,2,126fe960806d587c78546b30f1a90853b1ada468,"['SCORE2', 'SCORE6', 'SCORE7', 'SCORE3', 'SCORE5', 'SCORE8']","['BON5', 'BON8', 'BON1']",False,"['engineers', 'halflings']",engineers,138,04,2013
BlaTest2,2,126fe960806d587c78546b30f1a90853b1ada468,"['SCORE6', 'SCORE4', 'SCORE1', 'SCORE3', 'SCORE5', 'SCORE8']","['BON9', 'BON6', 'BON7']",False,"['chaosmagicians', 'swarmlings']",chaosmagicians,139,04,2013
BlaTest3,2,126fe960806d587c78546b30f1a90853b1ada468,"['SCORE2', 'SCORE6', 'SCORE4', 'SCORE1', 'SCORE7', 'SCORE3']","['BON1', 'BON6', 'BON3']",False,"['nomads', 'witches']",witches,127,04,2013
Doubt01,4,126fe960806d587c78546b30f1a90853b1ada468,"['SCORE2', 'SCORE6', 'SCORE4', 'SCORE7', 'SCORE5', 'SCORE8']","['BON9', 'BON6', 'BON4', 'BON7', 'BON5', 'BON8', 'BON1']",False,"['chaosmagicians', 'dwarves', 'alchemists', 'swarmlings']",dwarves,143,04,2013
doug01,1,126fe960806d587c78546b30f1a90853b1ada468,"['SCORE2', 'SCORE6', 'SCORE4', 'SCORE1', 'SCORE3', 'SCORE5']","['BON1', 'BON5']",False,['auren'],auren,73,04,2013
gareth10,4,126fe960806d587c78546b30f1a90853b1ada468,"['SCORE2', 'SCORE1', 'SCORE7', 'SCORE3', 'SCORE5', 'SCORE8']","['BON6', 'BON7', 'BON2', 'BON5', 'BON8', 'BON1', 'BON3']",False,"['halflings', 'mermaids', 'giants', 'dwarves']",mermaids,130,04,2013
gareth11,4,126fe960806d587c78546b30f1a90853b1ada468,"['SCORE2', 'SCORE6', 'SCORE4', 'SCORE1', 'SCORE7', 'SCORE3']","['BON9', 'BON6', 'BON4', 'BON2', 'BON5', 'BON8', 'BON3']",False,"['darklings', 'dwarves', 'nomads', 'swarmlings']",nomads,136,04,2013
gareth13,4,126fe960806d587c78546b30f1a90853b1ada468,"['SCORE2', 'SCORE4', 'SCORE1', 'SCORE3', 'SCORE5', 'SCORE8']","['BON6', 'BON4', 'BON2', 'BON5', 'BON8', 'BON1', 'BON3']",False,"['nomads', 'dwarves', 'swarmlings', 'witches']",nomads,113,04,2013
gareth14,4,126fe960806d587c78546b30f1a90853b1ada468,"['SCORE2', 'SCORE6', 'SCORE4', 'SCORE7', 'SCORE3', 'SCORE5']","['BON9', 'BON6', 'BON4', 'BON7', 'BON2', 'BON5', 'BON8']",False,"['auren', 'nomads', 'engineers', 'mermaids']",mermaids,138,04,2013
gareth16,4,126fe960806d587c78546b30f1a90853b1ada468,"['SCORE2', 'SCORE4', 'SCORE1', 'SCORE7', 'SCORE5', 'SCORE8']","['BON6', 'BON4', 'BON7', 'BON2', 'BON5', 'BON8', 'BON3']",False,"['chaosmagicians', 'darklings', 'swarmlings', 'nomads']",nomads,128,04,2013
gareth17,4,126fe960806d587c78546b30f1a90853b1ada468,"['SCORE2', 'SCORE6', 'SCORE4', 'SCORE3', 'SCORE5', 'SCORE8']","['BON6', 'BON4', 'BON7', 'BON5', 'BON8', 'BON1', 'BON3']",False,"['halflings', 'fakirs', 'engineers', 'mermaids']",engineers,138,04,2013
gareth18,4,126fe960806d587c78546b30f1a90853b1ada468,"['SCORE2', 'SCORE4', 'SCORE1', 'SCORE7', 'SCORE3', 'SCORE5']","['BON9', 'BON6', 'BON4', 'BON7', 'BON5', 'BON8', 'BON3']",False,"['nomads', 'witches', 'chaosmagicians', 'alchemists']",chaosmagicians,151,04,2013
gareth19,4,126fe960806d587c78546b30f1a90853b1ada468,"['SCORE2', 'SCORE6', 'SCORE4', 'SCORE7', 'SCORE5', 'SCORE8']","['BON9', 'BON4', 'BON7', 'BON2', 'BON5', 'BON8', 'BON3']",False,"['chaosmagicians', 'halflings', 'alchemists', 'swarmlings']",halflings,117,04,2013
gareth2,4,126fe960806d587c78546b30f1a90853b1ada468,"['SCORE2', 'SCORE6', 'SCORE7', 'SCORE3', 'SCORE4', 'SCORE8']","['BON6', 'BON4', 'BON7', 'BON2', 'BON5', 'BON8', 'BON1']",False,"['halflings', 'swarmlings', 'engineers', 'fakirs']",engineers,143,04,2013
gareth20,4,126fe960806d587c78546b30f1a90853b1ada468,"['SCORE2', 'SCORE6', 'SCORE4', 'SCORE3', 'SCORE5', 'SCORE8']","['BON9', 'BON4', 'BON7', 'BON2', 'BON5', 'BON8', 'BON3']",False,"['chaosmagicians', 'mermaids', 'halflings', 'dwarves']",halflings,135,04,2013
gareth22,5,126fe960806d587c78546b30f1a90853b1ada468,"['SCORE1', 'SCORE2', 'SCORE7', 'SCORE3', 'SCORE4', 'SCORE8']","['BON9', 'BON6', 'BON4', 'BON2', 'BON5', 'BON8', 'BON1', 'BON3']",False,"['engineers', 'swarmlings', 'witches', 'halflings', 'giants']",giants,131,04,2013
gareth23,5,126fe960806d587c78546b30f1a90853b1ada468,"['SCORE2', 'SCORE4', 'SCORE1', 'SCORE3', 'SCORE5', 'SCORE8']","['BON6', 'BON4', 'BON7', 'BON2', 'BON5', 'BON8', 'BON1', 'BON3']",False,"['dwarves', 'chaosmagicians', 'darklings', 'mermaids', 'halflings']",darklings,130,04,2013
gareth26,4,126fe960806d587c78546b30f1a90853b1ada468,"['SCORE2', 'SCORE4', 'SCORE1', 'SCORE7', 'SCORE5', 'SCORE8']","['BON9', 'BON4', 'BON7', 'BON2', 'BON5', 'BON1', 'BON3']",False,"['witches', 'halflings', 'alchemists', 'giants']",halflings,136,04,2013
gareth3,5,126fe960806d587c78546b30f1a90853b1ada468,"['SCORE2', 'SCORE6', 'SCORE4', 'SCORE7', 'SCORE3', 'SCORE5']","['BON9', 'BON6', 'BON4', 'BON7', 'BON2', 'BON5', 'BON1', 'BON3']",False,"['chaosmagicians', 'fakirs', 'mermaids', 'alchemists', 'engineers']",engineers,127,04,2013
gareth8,5,126fe960806d587c78546b30f1a90853b1ada468,"['SCORE2', 'SCORE6', 'SCORE7', 'SCORE5', 'SCORE4', 'SCORE8']","['BON9', 'BON6', 'BON4', 'BON7', 'BON2', 'BON5', 'BON8', 'BON1']",False,"['swarmlings', 'witches', 'chaosmagicians', 'halflings', 'alchemists']",halflings,139,04,2013
gareth9,5,126fe960806d587c78546b30f1a90853b1ada468,"['SCORE6', 'SCORE1', 'SCORE7', 'SCORE3', 'SCORE5', 'SCORE8']","['BON9', 'BON6', 'BON7', 'BON2', 'BON5', 'BON8', 'BON1', 'BON3']",False,"['halflings', 'mermaids', 'engineers', 'giants', 'auren']",mermaids,108,04,2013
joehn1,4,126fe960806d587c78546b30f1a90853b1ada468,"['SCORE2', 'SCORE6', 'SCORE1', 'SCORE7', 'SCORE3', 'SCORE5']","['BON9', 'BON4', 'BON7', 'BON2', 'BON5', 'BON8', 'BON1']",False,"['mermaids', 'nomads', 'darklings', 'giants']",darklings,134,04,2013
kin1,5,126fe960806d587c78546b30f1a90853b1ada468,"['SCORE2', 'SCORE6', 'SCORE4', 'SCORE1', 'SCORE3', 'SCORE8']","['BON9', 'BON6', 'BON4', 'BON7', 'BON5', 'BON8', 'BON1', 'BON3']",False,"['darklings', 'swarmlings', 'auren', 'nomads', 'engineers']",darklings,123,04,2013
kin2,4,126fe960806d587c78546b30f1a90853b1ada468,"['SCORE2', 'SCORE6', 'SCORE4', 'SCORE7', 'SCORE3', 'SCORE5']","['BON9', 'BON6', 'BON7', 'BON2', 'BON5', 'BON8', 'BON3']",False,"['auren', 'alchemists', 'giants', 'halflings']",alchemists,124,04,2013
kin3,5,126fe960806d587c78546b30f1a90853b1ada468,"['SCORE6', 'SCORE4', 'SCORE1', 'SCORE7', 'SCORE5', 'SCORE8']","['BON9', 'BON6', 'BON4', 'BON7', 'BON2', 'BON5', 'BON8', 'BON1']",False,"['chaosmagicians', 'mermaids', 'fakirs', 'darklings', 'dwarves']",fakirs,125,04,2013
lva1,2,126fe960806d587c78546b30f1a90853b1ada468,"['SCORE2', 'SCORE6', 'SCORE1', 'SCORE7', 'SCORE3', 'SCORE5']","['BON5', 'BON8', 'BON1', 'BON3', 'BON7']",False,"['chaosmagicians', 'darklings']",chaosmagicians,164,04,2013
lva2,2,126fe960806d587c78546b30f1a90853b1ada468,"['SCORE2', 'SCORE6', 'SCORE4', 'SCORE1', 'SCORE7', 'SCORE3']","['BON9', 'BON2', 'BON5', 'BON8', 'BON7']",False,"['halflings', 'engineers']",halflings,149,04,2013
lva3,2,126fe960806d587c78546b30f1a90853b1ada468,"['SCORE2', 'SCORE6', 'SCORE7', 'SCORE3', 'SCORE5', 'SCORE8']","['BON9', 'BON8', 'BON4', 'BON3', 'BON7']",False,"['auren', 'mermaids']",mermaids,138,04,2013
marcelp2,5,126fe960806d587c78546b30f1a90853b1ada468,"['SCORE6', 'SCORE4', 'SCORE1', 'SCORE7', 'SCORE3', 'SCORE8']","['BON9', 'BON6', 'BON4', 'BON7', 'BON2', 'BON5', 'BON8', 'BON3']",False,"['mermaids', 'fakirs', 'halflings', 'witches', 'chaosmagicians']",mermaids,129,04,2013
marcelp3,5,126fe960806d587c78546b30f1a90853b1ada468,"['SCORE2', 'SCORE4', 'SCORE7', 'SCORE3', 'SCORE5', 'SCORE8']","['BON9', 'BON6', 'BON4', 'BON2', 'BON5', 'BON8', 'BON1', 'BON3']",False,"['auren', 'mermaids', 'nomads', 'chaosmagicians', 'alchemists']",nomads,122,04,2013
marcelp4,5,126fe960806d587c78546b30f1a90853b1ada468,"['SCORE2', 'SCORE6', 'SCORE4', 'SCORE3', 'SCORE5', 'SCORE8']","['BON6', 'BON4', 'BON7', 'BON2', 'BON5', 'BON8', 'BON1', 'BON3']",False,"['halflings', 'witches', 'giants', 'swarmlings', 'engineers']",swarmlings,141,04,2013
Morphus01,2,126fe960806d587c78546b30f1a90853b1ada468,"['SCORE2', 'SCORE6', 'SCORE1', 'SCORE7', 'SCORE5', 'SCORE8']","['BON9', 'BON2', 'BON8', 'BON1', 'BON4']",False,"['nomads', 'giants']",nomads,119,04,2013
Morphus02,2,126fe960806d587c78546b30f1a90853b1ada468,"['SCORE2', 'SCORE1', 'SCORE6', 'SCORE3', 'SCORE5', 'SCORE8']","['BON9', 'BON2', 'BON8', 'BON6', 'BON3']",False,"['darklings', 'witches']",darklings,145,04,2013
Nakatomy04,3,126fe960806d587c78546b30f1a90853b1ada468,"['SCORE1', 'SCORE2', 'SCORE6', 'SCORE3', 'SCORE5', 'SCORE8']","['BON9', 'BON6', 'BON7', 'BON5', 'BON8', 'BON3']",False,"['witches', 'mermaids', 'giants']",mermaids,136,04,2013
Nakatomy2,2,126fe960806d587c78546b30f1a90853b1ada468,"['SCORE2', 'SCORE6', 'SCORE4', 'SCORE1', 'SCORE7', 'SCORE8']","['BON2', 'BON1', 'BON4', 'BON3', 'BON7']",False,"['swarmlings', 'engineers']",engineers,142,04,2013
Nakatomy3,2,126fe960806d587c78546b30f1a90853b1ada468,"['SCORE2', 'SCORE6', 'SCORE4', 'SCORE1', 'SCORE7', 'SCORE8']","['BON9', 'BON2', 'BON6', 'BON3', 'BON7']",False,"['witches', 'nomads']",witches,162,04,2013
polarole1,5,126fe960806d587c78546b30f1a90853b1ada468,"['SCORE2', 'SCORE4', 'SCORE1', 'SCORE7', 'SCORE3', 'SCORE5']","['BON6', 'BON4', 'BON7', 'BON2', 'BON5', 'BON8', 'BON1', 'BON3']",False,"['halflings', 'dwarves', 'swarmlings', 'chaosmagicians', 'darklings']",halflings,134,04,2013
raphael1,4,126fe960806d587c78546b30f1a90853b1ada468,"['SCORE2', 'SCORE6', 'SCORE3', 'SCORE5', 'SCORE4', 'SCORE8']","['BON9', 'BON6', 'BON7', 'BON2', 'BON5', 'BON8', 'BON3']",False,"['chaosmagicians', 'auren', 'halflings', 'swarmlings']",chaosmagicians,117,04,2013
skelly1c,4,126fe960806d587c78546b30f1a90853b1ada468,"['SCORE2', 'SCORE6', 'SCORE4', 'SCORE1', 'SCORE5', 'SCORE8']","['BON6', 'BON4', 'BON2', 'BON5', 'BON8', 'BON1', 'BON3']",False,"['chaosmagicians', 'auren', 'darklings', 'fakirs']",chaosmagicians,123,04,2013
verandi2,4,126fe960806d587c78546b30f1a90853b1ada468,"['SCORE6', 'SCORE4', 'SCORE1', 'SCORE3', 'SCORE5', 'SCORE8']","['BON9', 'BON6', 'BON4', 'BON7', 'BON5', 'BON1', 'BON3']",False,"['chaosmagicians', 'halflings', 'alchemists', 'witches']",chaosmagicians,169,04,2013
1,5,126fe960806d587c78546b30f1a90853b1ada468,"['SCORE2', 'SCORE6', 'SCORE4', 'SCORE7', 'SCORE5', 'SCORE8']","['BON6', 'BON4', 'BON7', 'BON2', 'BON5', 'BON8', 'BON1', 'BON3']",False,"['swarmlings', 'auren', 'alchemists', 'nomads', 'engineers']",engineers,153,05,2013
11,4,126fe960806d587c78546b30f1a90853b1ada468,"['SCORE2', 'SCORE1', 'SCORE6', 'SCORE3', 'SCORE5', 'SCORE8']","['BON9', 'BON6', 'BON7', 'BON2', 'BON5', 'BON8', 'BON3']",False,"['dwarves', 'chaosmagicians', 'halflings', 'swarmlings']",halflings,149,05,2013
13,4,126fe960806d587c78546b30f1a90853b1ada468,"['SCORE2', 'SCORE6', 'SCORE1', 'SCORE7', 'SCORE3', 'SCORE8']","['BON6', 'BON4', 'BON7', 'BON2', 'BON5', 'BON8', 'BON1']",False,"['darklings', 'auren', 'mermaids', 'halflings']",halflings,133,05,2013
14,5,126fe960806d587c78546b30f1a90853b1ada468,"['SCORE6', 'SCORE4', 'SCORE1', 'SCORE3', 'SCORE5', 'SCORE8']","['BON9', 'BON6', 'BON4', 'BON7', 'BON2', 'BON5', 'BON1', 'BON3']",False,"['chaosmagicians', 'auren', 'alchemists', 'swarmlings', 'fakirs']",alchemists,132,05,2013
16,5,126fe960806d587c78546b30f1a90853b1ada468,"['SCORE1', 'SCORE2', 'SCORE7', 'SCORE3', 'SCORE5', 'SCORE8']","['BON9', 'BON6', 'BON4', 'BON7', 'BON2', 'BON5', 'BON8', 'BON1']",False,"['halflings', 'giants', 'auren', 'dwarves', 'alchemists']",dwarves,127,05,2013
19,4,126fe960806d587c78546b30f1a90853b1ada468,"['SCORE2', 'SCORE7', 'SCORE6', 'SCORE3', 'SCORE4', 'SCORE8']","['BON9', 'BON6', 'BON4', 'BON7', 'BON8', 'BON1', 'BON3']",False,"['chaosmagicians', 'halflings', 'mermaids', 'witches']",mermaids,117,05,2013
2,4,126fe960806d587c78546b30f1a90853b1ada468,"['SCORE6', 'SCORE4', 'SCORE1', 'SCORE7', 'SCORE5', 'SCORE8']","['BON6', 'BON4', 'BON7', 'BON2', 'BON5', 'BON8', 'BON3']",False,"['mermaids', 'chaosmagicians', 'darklings', 'nomads']",darklings,135,05,2013
27,5,126fe960806d587c78546b30f1a90853b1ada468,"['SCORE1', 'SCORE7', 'SCORE6', 'SCORE3', 'SCORE4', 'SCORE8']","['BON9', 'BON6', 'BON4', 'BON2', 'BON5', 'BON8', 'BON1', 'BON3']",False,"['darklings', 'swarmlings', 'cultists', 'witches', 'giants']",cultists,117,05,2013
28,5,126fe960806d587c78546b30f1a90853b1ada468,"['SCORE2', 'SCORE6', 'SCORE3', 'SCORE4', 'SCORE5', 'SCORE8']","['BON9', 'BON6', 'BON4', 'BON7', 'BON2', 'BON5', 'BON8', 'BON1']",False,"['mermaids', 'chaosmagicians', 'alchemists', 'cultists', 'witches']",witches,127,05,2013
3,5,126fe960806d587c78546b30f1a90853b1ada468,"['SCORE2', 'SCORE6', 'SCORE4', 'SCORE1', 'SCORE5', 'SCORE8']","['BON9', 'BON4', 'BON7', 'BON2', 'BON5', 'BON8', 'BON1', 'BON3']",False,"['witches', 'alchemists', 'cultists', 'fakirs', 'chaosmagicians']",chaosmagicians,142,05,2013
30,5,126fe960806d587c78546b30f1a90853b1ada468,"['SCORE2', 'SCORE6', 'SCORE7', 'SCORE3', 'SCORE5', 'SCORE8']","['BON9', 'BON4', 'BON7', 'BON2', 'BON5', 'BON8', 'BON1', 'BON3']",False,"['darklings', 'auren', 'mermaids', 'fakirs', 'dwarves']",dwarves,132,05,2013
31,5,126fe960806d587c78546b30f1a90853b1ada468,"['SCORE6', 'SCORE4', 'SCORE1', 'SCORE7', 'SCORE5', 'SCORE8']","['BON9', 'BON6', 'BON4', 'BON7', 'BON2', 'BON5', 'BON8', 'BON1']",False,"['darklings', 'dwarves', 'swarmlings', 'giants', 'nomads']",giants,129,05,2013
32,5,126fe960806d587c78546b30f1a90853b1ada468,"['SCORE2', 'SCORE7', 'SCORE3', 'SCORE5', 'SCORE4', 'SCORE8']","['BON9', 'BON6', 'BON4', 'BON7', 'BON5', 'BON8', 'BON1', 'BON3']",False,"['halflings', 'alchemists', 'chaosmagicians', 'nomads', 'witches']",witches,138,05,2013
33,5,126fe960806d587c78546b30f1a90853b1ada468,"['SCORE2', 'SCORE6', 'SCORE1', 'SCORE7', 'SCORE3', 'SCORE8']","['BON9', 'BON4', 'BON7', 'BON2', 'BON5', 'BON8', 'BON1', 'BON3']",False,"['chaosmagicians', 'darklings', 'mermaids', 'dwarves', 'nomads']",dwarves,128,05,2013
35,5,126fe960806d587c78546b30f1a90853b1ada468,"['SCORE2', 'SCORE6', 'SCORE4', 'SCORE1', 'SCORE3', 'SCORE5']","['BON9', 'BON4', 'BON7', 'BON2', 'BON5', 'BON8', 'BON1', 'BON3']",False,"['chaosmagicians', 'darklings', 'dwarves', 'nomads', 'swarmlings']",darklings,111,05,2013
36,4,126fe960806d587c78546b30f1a90853b1ada468,"['SCORE2', 'SCORE6', 'SCORE1', 'SCORE7', 'SCORE3', 'SCORE5']","['BON9', 'BON7', 'BON2', 'BON5', 'BON8', 'BON1', 'BON3']",False,"['darklings', 'halflings', 'dwarves', 'fakirs']",dwarves,137,05,2013
37,5,126fe960806d587c78546b30f1a90853b1ada468,"['SCORE2', 'SCORE4', 'SCORE7', 'SCORE3', 'SCORE5', 'SCORE8']","['BON9', 'BON6', 'BON4', 'BON7', 'BON2', 'BON5', 'BON8', 'BON1']",False,"['chaosmagicians', 'halflings', 'swarmlings', 'witches', 'dwarves']",chaosmagicians,116,05,2013
4,5,126fe960806d587c78546b30f1a90853b1ada468,"['SCORE6', 'SCORE4', 'SCORE1', 'SCORE7', 'SCORE3', 'SCORE5']","['BON9', 'BON6', 'BON7', 'BON2', 'BON5', 'BON8', 'BON1', 'BON3']",False,"['chaosmagicians', 'dwarves', 'halflings', 'witches', 'alchemists']",witches,150,05,2013
41,5,126fe960806d587c78546b30f1a90853b1ada468,"['SCORE6', 'SCORE4', 'SCORE1', 'SCORE7', 'SCORE5', 'SCORE8']","['BON9', 'BON6', 'BON4', 'BON7', 'BON5', 'BON8', 'BON1', 'BON3']",False,"['mermaids', 'nomads', 'engineers', 'chaosmagicians', 'halflings']",halflings,134,05,2013
42,5,126fe960806d587c78546b30f1a90853b1ada468,"['SCORE2', 'SCORE4', 'SCORE1', 'SCORE3', 'SCORE5', 'SCORE8']","['BON6', 'BON4', 'BON7', 'BON2', 'BON5', 'BON8', 'BON1', 'BON3']",False,"['dwarves', 'halflings', 'alchemists', 'witches', 'giants']",witches,141,05,2013
44,5,126fe960806d587c78546b30f1a90853b1ada468,"['SCORE1', 'SCORE7', 'SCORE6', 'SCORE3', 'SCORE5', 'SCORE8']","['BON9', 'BON6', 'BON4', 'BON7', 'BON5', 'BON8', 'BON1', 'BON3']",False,"['mermaids', 'alchemists', 'witches', 'nomads', 'halflings']",halflings,145,05,2013
45,4,126fe960806d587c78546b30f1a90853b1ada468,"['SCORE2', 'SCORE1', 'SCORE6', 'SCORE3', 'SCORE5', 'SCORE8']","['BON9', 'BON4', 'BON7', 'BON2', 'BON5', 'BON8', 'BON1']",False,"['halflings', 'witches', 'darklings', 'dwarves']",darklings,138,05,2013
46,5,126fe960806d587c78546b30f1a90853b1ada468,"['SCORE6', 'SCORE4', 'SCORE1', 'SCORE7', 'SCORE3', 'SCORE5']","['BON9', 'BON6', 'BON4', 'BON7', 'BON2', 'BON8', 'BON1', 'BON3']",False,"['chaosmagicians', 'darklings', 'swarmlings', 'engineers', 'cultists']",darklings,143,05,2013
47,5,126fe960806d587c78546b30f1a90853b1ada468,"['SCORE2', 'SCORE4', 'SCORE1', 'SCORE3', 'SCORE5', 'SCORE8']","['BON9', 'BON6', 'BON4', 'BON2', 'BON5', 'BON8', 'BON1', 'BON3']",False,"['alchemists', 'swarmlings', 'nomads', 'witches', 'halflings']",alchemists,123,05,2013
4pAKOR,4,126fe960806d587c78546b30f1a90853b1ada468,"['SCORE2', 'SCORE6', 'SCORE3', 'SCORE5', 'SCORE4', 'SCORE8']","['BON9', 'BON6', 'BON4', 'BON2', 'BON5', 'BON8', 'BON3']",False,"['chaosmagicians', 'mermaids', 'nomads', 'witches']",mermaids,131,05,2013
4pAKORex,4,126fe960806d587c78546b30f1a90853b1ada468,"['SCORE4', 'SCORE1', 'SCORE7', 'SCORE3', 'SCORE5', 'SCORE8']","['BON6', 'BON7', 'BON2', 'BON5', 'BON8', 'BON1', 'BON3']",False,"['halflings', 'alchemists', 'witches', 'giants']",halflings,146,05,2013
4pAKORobin,4,126fe960806d587c78546b30f1a90853b1ada468,"['SCORE2', 'SCORE7', 'SCORE3', 'SCORE4', 'SCORE5', 'SCORE8']","['BON9', 'BON4', 'BON7', 'BON2', 'BON5', 'BON8', 'BON1']",False,"['halflings', 'swarmlings', 'nomads', 'witches']",witches,132,05,2013
4pASKR,4,126fe960806d587c78546b30f1a90853b1ada468,"['SCORE2', 'SCORE6', 'SCORE4', 'SCORE1', 'SCORE3', 'SCORE5']","['BON9', 'BON4', 'BON7', 'BON2', 'BON8', 'BON1', 'BON3']",False,"['halflings', 'mermaids', 'nomads', 'giants']",giants,133,05,2013
4pCKOR,4,126fe960806d587c78546b30f1a90853b1ada468,"['SCORE2', 'SCORE6', 'SCORE1', 'SCORE7', 'SCORE5', 'SCORE8']","['BON9', 'BON6', 'BON4', 'BON7', 'BON2', 'BON8', 'BON1']",False,"['darklings', 'dwarves', 'nomads', 'swarmlings']",darklings,148,05,2013
4pCKOR2,4,126fe960806d587c78546b30f1a90853b1ada468,"['SCORE1', 'SCORE2', 'SCORE7', 'SCORE3', 'SCORE4', 'SCORE8']","['BON9', 'BON6', 'BON2', 'BON5', 'BON8', 'BON1', 'BON3']",False,"['chaosmagicians', 'darklings', 'engineers', 'cultists']",engineers,132,05,2013
4pKARO,4,126fe960806d587c78546b30f1a90853b1ada468,"['SCORE2', 'SCORE6', 'SCORE4', 'SCORE3', 'SCORE5', 'SCORE8']","['BON9', 'BON6', 'BON4', 'BON5', 'BON8', 'BON1', 'BON3']",False,"['alchemists', 'cultists', 'engineers', 'fakirs']",engineers,136,05,2013
4pKORS,4,126fe960806d587c78546b30f1a90853b1ada468,"['SCORE2', 'SCORE6', 'SCORE4', 'SCORE1', 'SCORE7', 'SCORE5']","['BON9', 'BON6', 'BON4', 'BON7', 'BON5', 'BON8', 'BON1']",False,"['swarmlings', 'nomads', 'dwarves', 'cultists']",cultists,130,05,2013
4pKRRSrd2,4,126fe960806d587c78546b30f1a90853b1ada468,"['SCORE2', 'SCORE6', 'SCORE4', 'SCORE7', 'SCORE5', 'SCORE8']","['BON9', 'BON6', 'BON2', 'BON5', 'BON8', 'BON1', 'BON3']",False,"['dwarves', 'swarmlings', 'fakirs', 'witches']",swarmlings,150,05,2013
4porrk,4,126fe960806d587c78546b30f1a90853b1ada468,"['SCORE2', 'SCORE6', 'SCORE7', 'SCORE3', 'SCORE5', 'SCORE8']","['BON6', 'BON7', 'BON2', 'BON5', 'BON8', 'BON1', 'BON3']",False,"['engineers', 'swarmlings', 'darklings', 'halflings']",swarmlings,147,05,2013
51,5,126fe960806d587c78546b30f1a90853b1ada468,"['SCORE6', 'SCORE4', 'SCORE7', 'SCORE3', 'SCORE5', 'SCORE8']","['BON9', 'BON6', 'BON4', 'BON7', 'BON5', 'BON8', 'BON1', 'BON3']",False,"['mermaids', 'halflings', 'alchemists', 'fakirs', 'chaosmagicians']",chaosmagicians,135,05,2013
5pAKORR,5,126fe960806d587c78546b30f1a90853b1ada468,"['SCORE2', 'SCORE6', 'SCORE4', 'SCORE1', 'SCORE7', 'SCORE8']","['BON9', 'BON6', 'BON4', 'BON7', 'BON2', 'BON5', 'BON8', 'BON1']",False,"['alchemists', 'mermaids', 'cultists', 'fakirs', 'giants']",giants,130,05,2013
5PAKRRS,5,126fe960806d587c78546b30f1a90853b1ada468,"['SCORE6', 'SCORE4', 'SCORE1', 'SCORE3', 'SCORE5', 'SCORE8']","['BON9', 'BON4', 'BON7', 'BON2', 'BON5', 'BON8', 'BON1', 'BON3']",False,"['chaosmagicians', 'dwarves', 'halflings', 'swarmlings', 'nomads']",dwarves,126,05,2013
5pARROS,5,126fe960806d587c78546b30f1a90853b1ada468,"['SCORE2', 'SCORE6', 'SCORE1', 'SCORE7', 'SCORE3', 'SCORE5']","['BON9', 'BON4', 'BON7', 'BON2', 'BON5', 'BON8', 'BON1', 'BON3']",False,"['chaosmagicians', 'alchemists', 'engineers', 'cultists', 'nomads']",chaosmagicians,122,05,2013
5pASRKR,5,126fe960806d587c78546b30f1a90853b1ada468,"['SCORE1', 'SCORE7', 'SCORE6', 'SCORE3', 'SCORE4', 'SCORE8']","['BON6', 'BON4', 'BON7', 'BON2', 'BON5', 'BON8', 'BON1', 'BON3']",False,"['darklings', 'mermaids', 'cultists', 'witches', 'giants']",darklings,141,05,2013
5pCKORS,5,126fe960806d587c78546b30f1a90853b1ada468,"['SCORE2', 'SCORE4', 'SCORE7', 'SCORE3', 'SCORE5', 'SCORE8']","['BON9', 'BON6', 'BON4', 'BON2', 'BON5', 'BON8', 'BON1', 'BON3']",False,"['darklings', 'dwarves', 'mermaids', 'cultists', 'fakirs']",cultists,140,05,2013
6,4,126fe960806d587c78546b30f1a90853b1ada468,"['SCORE2', 'SCORE6', 'SCORE1', 'SCORE7', 'SCORE3', 'SCORE8']","['BON9', 'BON6', 'BON4', 'BON7', 'BON5', 'BON8', 'BON3']",False,"['alchemists', 'dwarves', 'halflings', 'swarmlings']",dwarves,161,05,2013
adj02,5,126fe960806d587c78546b30f1a90853b1ada468,"['SCORE2', 'SCORE4', 'SCORE1', 'SCORE7', 'SCORE5', 'SCORE8']","['BON9', 'BON6', 'BON4', 'BON7', 'BON2', 'BON5', 'BON8', 'BON3']",False,"['auren', 'darklings', 'nomads', 'giants', 'swarmlings']",auren,122,05,2013
Alan1,5,126fe960806d587c78546b30f1a90853b1ada468,"['SCORE2', 'SCORE6', 'SCORE4', 'SCORE1', 'SCORE3', 'SCORE5']","['BON9', 'BON6', 'BON7', 'BON2', 'BON5', 'BON8', 'BON1', 'BON3']",False,"['darklings', 'mermaids', 'halflings', 'dwarves', 'chaosmagicians']",darklings,118,05,2013
Ali1,5,126fe960806d587c78546b30f1a90853b1ada468,"['SCORE6', 'SCORE4', 'SCORE1', 'SCORE7', 'SCORE3', 'SCORE8']","['BON9', 'BON6', 'BON7', 'BON2', 'BON5', 'BON8', 'BON1', 'BON3']",False,"['halflings', 'nomads', 'engineers', 'witches', 'mermaids']",witches,125,05,2013
apixxet,4,126fe960806d587c78546b30f1a90853b1ada468,"['SCORE2', 'SCORE4', 'SCORE1', 'SCORE7', 'SCORE3', 'SCORE8']","['BON4', 'BON7', 'BON2', 'BON5', 'BON8', 'BON1', 'BON3']",False,"['chaosmagicians', 'halflings', 'mermaids', 'witches']",witches,107,05,2013
apixxet2,3,126fe960806d587c78546b30f1a90853b1ada468,"['SCORE1', 'SCORE2', 'SCORE6', 'SCORE3', 'SCORE4', 'SCORE8']","['BON9', 'BON7', 'BON2', 'BON8', 'BON1', 'BON3']",False,"['darklings', 'witches', 'giants']",witches,125,05,2013
aprende2,2,126fe960806d587c78546b30f1a90853b1ada468,"['SCORE2', 'SCORE4', 'SCORE1', 'SCORE7', 'SCORE5', 'SCORE8']","['BON9', 'BON2', 'BON1']",False,"['mermaids', 'nomads']",nomads,99,05,2013
Awaygame,2,126fe960806d587c78546b30f1a90853b1ada468,"['SCORE2', 'SCORE1', 'SCORE7', 'SCORE3', 'SCORE5', 'SCORE8']","['BON9', 'BON5', 'BON8', 'BON4', 'BON7']",False,"['nomads', 'witches']",witches,155,05,2013
Awaygame2,2,126fe960806d587c78546b30f1a90853b1ada468,"['SCORE6', 'SCORE1', 'SCORE7', 'SCORE3', 'SCORE5', 'SCORE8']","['BON2', 'BON5', 'BON8', 'BON4', 'BON3']",False,"['dwarves', 'halflings']",halflings,141,05,2013
Awaygame3,2,126fe960806d587c78546b30f1a90853b1ada468,"['SCORE6', 'SCORE4', 'SCORE1', 'SCORE3', 'SCORE5', 'SCORE8']","['BON9', 'BON5', 'BON1', 'BON3', 'BON7']",False,"['cultists', 'swarmlings']",cultists,150,05,2013
bgg48,5,126fe960806d587c78546b30f1a90853b1ada468,"['SCORE2', 'SCORE6', 'SCORE1', 'SCORE7', 'SCORE3', 'SCORE5']","['BON9', 'BON6', 'BON4', 'BON7', 'BON2', 'BON5', 'BON8', 'BON3']",False,"['mermaids', 'halflings', 'giants', 'witches', 'nomads']",halflings,135,05,2013
BlaGame11,3,126fe960806d587c78546b30f1a90853b1ada468,"['SCORE2', 'SCORE6', 'SCORE4', 'SCORE1', 'SCORE7', 'SCORE8']","['BON9', 'BON6', 'BON7', 'BON2', 'BON1', 'BON3']",False,"['auren', 'halflings', 'engineers']",engineers,117,05,2013
BR01,5,126fe960806d587c78546b30f1a90853b1ada468,"['SCORE2', 'SCORE6', 'SCORE4', 'SCORE1', 'SCORE7', 'SCORE8']","['BON9', 'BON6', 'BON4', 'BON7', 'BON2', 'BON5', 'BON8', 'BON1']",False,"['darklings', 'halflings', 'engineers', 'witches', 'fakirs']",witches,136,05,2013
BR02,5,126fe960806d587c78546b30f1a90853b1ada468,"['SCORE2', 'SCORE6', 'SCORE1', 'SCORE7', 'SCORE3', 'SCORE5']","['BON9', 'BON4', 'BON7', 'BON2', 'BON5', 'BON8', 'BON1', 'BON3']",False,"['alchemists', 'dwarves', 'witches', 'mermaids', 'cultists']",cultists,140,05,2013
BR03,5,126fe960806d587c78546b30f1a90853b1ada468,"['SCORE2', 'SCORE6', 'SCORE4', 'SCORE1', 'SCORE7', 'SCORE3']","['BON9', 'BON4', 'BON7', 'BON2', 'BON5', 'BON8', 'BON1', 'BON3']",False,"['nomads', 'cultists', 'darklings', 'mermaids', 'dwarves']",darklings,136,05,2013
BR04,5,126fe960806d587c78546b30f1a90853b1ada468,"['SCORE2', 'SCORE6', 'SCORE4', 'SCORE1', 'SCORE7', 'SCORE8']","['BON9', 'BON6', 'BON4', 'BON7', 'BON2', 'BON5', 'BON8', 'BON1']",False,"['dwarves', 'alchemists', 'giants', 'nomads', 'witches']",witches,127,05,2013
BR05,5,126fe960806d587c78546b30f1a90853b1ada468,"['SCORE2', 'SCORE6', 'SCORE1', 'SCORE7', 'SCORE5', 'SCORE8']","['BON6', 'BON4', 'BON7', 'BON2', 'BON5', 'BON8', 'BON1', 'BON3']",False,"['darklings', 'engineers', 'swarmlings', 'chaosmagicians', 'halflings']",darklings,140,05,2013
Brinocalf1,5,126fe960806d587c78546b30f1a90853b1ada468,"['SCORE2', 'SCORE4', 'SCORE1', 'SCORE7', 'SCORE5', 'SCORE8']","['BON9', 'BON6', 'BON4', 'BON7', 'BON5', 'BON8', 'BON1', 'BON3']",False,"['nomads', 'giants', 'auren', 'dwarves', 'alchemists']",alchemists,136,05,2013
Chlplogh,2,126fe960806d587c78546b30f1a90853b1ada468,"['SCORE1', 'SCORE2', 'SCORE7', 'SCORE3', 'SCORE4', 'SCORE8']","['BON9', 'BON5', 'BON8', 'BON3', 'BON7']",False,"['engineers', 'giants']",engineers,140,05,2013
DallasAreaGamers1,5,126fe960806d587c78546b30f1a90853b1ada468,"['SCORE1', 'SCORE2', 'SCORE7', 'SCORE6', 'SCORE3', 'SCORE4']","['BON9', 'BON6', 'BON7', 'BON2', 'BON5', 'BON8', 'BON1', 'BON3']",False,"['darklings', 'halflings', 'dwarves', 'swarmlings', 'fakirs']",dwarves,131,05,2013
daniel01,3,126fe960806d587c78546b30f1a90853b1ada468,"['SCORE2', 'SCORE6', 'SCORE1', 'SCORE7', 'SCORE5', 'SCORE8']","['BON6', 'BON7', 'BON2', 'BON5', 'BON8', 'BON3']",False,"['chaosmagicians', 'cultists', 'fakirs']",chaosmagicians,128,05,2013
Dave01,2,126fe960806d587c78546b30f1a90853b1ada468,"['SCORE2', 'SCORE4', 'SCORE1', 'SCORE7', 'SCORE3', 'SCORE8']","['BON9', 'BON6', 'BON7']",False,"['nomads', 'witches']",witches,129,05,2013
Dave02,2,126fe960806d587c78546b30f1a90853b1ada468,"['SCORE2', 'SCORE6', 'SCORE4', 'SCORE7', 'SCORE5', 'SCORE8']","['BON9', 'BON4', 'BON3', 'BON7', 'BON6']",False,"['dwarves', 'halflings']",halflings,68,05,2013
DaveMatt01,2,126fe960806d587c78546b30f1a90853b1ada468,"['SCORE2', 'SCORE4', 'SCORE1', 'SCORE7', 'SCORE5', 'SCORE8']","['BON9', 'BON2', 'BON6', 'BON3', 'BON7']",False,"['auren', 'halflings']",halflings,137,05,2013
DaveMatt03,2,126fe960806d587c78546b30f1a90853b1ada468,"['SCORE2', 'SCORE6', 'SCORE4', 'SCORE1', 'SCORE5', 'SCORE8']","['BON5', 'BON8', 'BON1', 'BON6', 'BON3']",False,"['halflings', 'swarmlings']",swarmlings,120,05,2013
DaveMatt04,2,126fe960806d587c78546b30f1a90853b1ada468,"['SCORE1', 'SCORE2', 'SCORE7', 'SCORE3', 'SCORE5', 'SCORE8']","['BON5', 'BON8', 'BON1', 'BON6', 'BON4']",False,"['chaosmagicians', 'swarmlings']",chaosmagicians,127,05,2013
DaveMattDouble,4,126fe960806d587c78546b30f1a90853b1ada468,"['SCORE2', 'SCORE4', 'SCORE1', 'SCORE7', 'SCORE3', 'SCORE8']","['BON9', 'BON6', 'BON4', 'BON7', 'BON2', 'BON1', 'BON3']",False,"['darklings', 'auren', 'cultists', 'nomads']",nomads,103,05,2013
DaveMattDouble3,4,126fe960806d587c78546b30f1a90853b1ada468,"['SCORE2', 'SCORE6', 'SCORE4', 'SCORE1', 'SCORE3', 'SCORE5']","['BON9', 'BON4', 'BON7', 'BON2', 'BON5', 'BON8', 'BON1']",False,"['dwarves', 'cultists', 'giants', 'fakirs']",dwarves,95,05,2013
dbat01,4,126fe960806d587c78546b30f1a90853b1ada468,"['SCORE6', 'SCORE1', 'SCORE7', 'SCORE3', 'SCORE5', 'SCORE8']","['BON9', 'BON7', 'BON2', 'BON5', 'BON8', 'BON1', 'BON3']",False,"['mermaids', 'halflings', 'witches', 'giants']",halflings,116,05,2013
dke001,4,126fe960806d587c78546b30f1a90853b1ada468,"['SCORE1', 'SCORE2', 'SCORE6', 'SCORE3', 'SCORE4', 'SCORE8']","['BON6', 'BON4', 'BON7', 'BON2', 'BON5', 'BON8', 'BON3']",False,"['chaosmagicians', 'halflings', 'nomads', 'swarmlings']",halflings,139,05,2013
Doubt02,5,126fe960806d587c78546b30f1a90853b1ada468,"['SCORE2', 'SCORE6', 'SCORE4', 'SCORE1', 'SCORE7', 'SCORE3']","['BON9', 'BON4', 'BON7', 'BON2', 'BON5', 'BON8', 'BON1', 'BON3']",False,"['dwarves', 'mermaids', 'giants', 'darklings', 'auren']",darklings,136,05,2013
doug02,2,126fe960806d587c78546b30f1a90853b1ada468,"['SCORE2', 'SCORE6', 'SCORE1', 'SCORE3', 'SCORE5', 'SCORE8']","['BON4', 'BON7', 'BON2', 'BON5', 'BON1']",False,"['nomads', 'giants']",nomads,108,05,2013
doug03,2,126fe960806d587c78546b30f1a90853b1ada468,"['SCORE2', 'SCORE6', 'SCORE1', 'SCORE7', 'SCORE3', 'SCORE5']","['BON5', 'BON1', 'BON6', 'BON4', 'BON3']",False,"['dwarves', 'halflings']",halflings,145,05,2013
doug04,2,126fe960806d587c78546b30f1a90853b1ada468,"['SCORE2', 'SCORE4', 'SCORE1', 'SCORE7', 'SCORE3', 'SCORE8']","['BON6', 'BON4', 'BON2', 'BON5', 'BON8']",False,"['swarmlings', 'chaosmagicians']",chaosmagicians,142,05,2013
doug05,2,126fe960806d587c78546b30f1a90853b1ada468,"['SCORE2', 'SCORE4', 'SCORE1', 'SCORE3', 'SCORE5', 'SCORE8']","['BON9', 'BON2', 'BON8', 'BON4', 'BON7']",False,"['halflings', 'witches']",halflings,153,05,2013
dupa,2,126fe960806d587c78546b30f1a90853b1ada468,"['SCORE2', 'SCORE6', 'SCORE3', 'SCORE4', 'SCORE5', 'SCORE8']","['BON8', 'BON1', 'BON6', 'BON4', 'BON7']",False,"['darklings', 'engineers']",darklings,153,05,2013
EdHost01,5,126fe960806d587c78546b30f1a90853b1ada468,"['SCORE6', 'SCORE4', 'SCORE7', 'SCORE3', 'SCORE5', 'SCORE8']","['BON6', 'BON4', 'BON7', 'BON2', 'BON5', 'BON8', 'BON1', 'BON3']",False,"['chaosmagicians', 'auren', 'darklings', 'swarmlings', 'fakirs']",fakirs,117,05,2013
endy1,3,126fe960806d587c78546b30f1a90853b1ada468,"['SCORE6', 'SCORE4', 'SCORE7', 'SCORE3', 'SCORE5', 'SCORE8']","['BON6', 'BON7', 'BON2', 'BON5', 'BON1', 'BON3']",False,"['swarmlings', 'nomads', 'giants']",nomads,149,05,2013
endy2,2,126fe960806d587c78546b30f1a90853b1ada468,"['SCORE2', 'SCORE6', 'SCORE1', 'SCORE7', 'SCORE5', 'SCORE8']","['BON9', 'BON5', 'BON1', 'BON3', 'BON7']",False,"['chaosmagicians', 'engineers']",engineers,124,05,2013
endy3,2,126fe960806d587c78546b30f1a90853b1ada468,"['SCORE2', 'SCORE4', 'SCORE1', 'SCORE3', 'SCORE5', 'SCORE8']","['BON2', 'BON8', 'BON1', 'BON4', 'BON3']",False,"['darklings', 'dwarves']",darklings,144,05,2013
Focus,2,126fe960806d587c78546b30f1a90853b1ada468,"['SCORE2', 'SCORE7', 'SCORE6', 'SCORE3', 'SCORE4', 'SCORE8']","['BON9', 'BON8', 'BON1', 'BON6', 'BON3']",False,"['auren', 'darklings']",auren,139,05,2013
Garden002,3,126fe960806d587c78546b30f1a90853b1ada468,"['SCORE2', 'SCORE6', 'SCORE7', 'SCORE3', 'SCORE5', 'SCORE8']","['BON9', 'BON2', 'BON8', 'BON4', 'BON3', 'BON7']",False,"['giants', 'fakirs', 'auren']",fakirs,120,05,2013
Garden004,2,126fe960806d587c78546b30f1a90853b1ada468,"['SCORE2', 'SCORE6', 'SCORE1', 'SCORE7', 'SCORE3', 'SCORE8']","['BON2', 'BON1', 'BON6', 'BON3', 'BON7']",False,"['nomads', 'dwarves']",dwarves,142,05,2013
gareth1,4,126fe960806d587c78546b30f1a90853b1ada468,"['SCORE2', 'SCORE7', 'SCORE6', 'SCORE3', 'SCORE5', 'SCORE8']","['BON9', 'BON6', 'BON4', 'BON7', 'BON2', 'BON5', 'BON3']",False,"['darklings', 'dwarves', 'witches', 'giants']",witches,131,05,2013
gareth12,5,126fe960806d587c78546b30f1a90853b1ada468,"['SCORE2', 'SCORE4', 'SCORE7', 'SCORE3', 'SCORE5', 'SCORE8']","['BON6', 'BON4', 'BON7', 'BON2', 'BON5', 'BON8', 'BON1', 'BON3']",False,"['darklings', 'chaosmagicians', 'swarmlings', 'fakirs', 'witches']",fakirs,118,05,2013
gareth15,4,126fe960806d587c78546b30f1a90853b1ada468,"['SCORE2', 'SCORE1', 'SCORE6', 'SCORE3', 'SCORE5', 'SCORE8']","['BON9', 'BON7', 'BON2', 'BON5', 'BON8', 'BON1', 'BON3']",False,"['chaosmagicians', 'mermaids', 'halflings', 'witches']",mermaids,145,05,2013
gareth21,4,126fe960806d587c78546b30f1a90853b1ada468,"['SCORE2', 'SCORE7', 'SCORE3', 'SCORE4', 'SCORE5', 'SCORE8']","['BON9', 'BON6', 'BON7', 'BON2', 'BON5', 'BON1', 'BON3']",False,"['halflings', 'engineers', 'witches', 'nomads']",nomads,136,05,2013
gareth25,4,126fe960806d587c78546b30f1a90853b1ada468,"['SCORE2', 'SCORE6', 'SCORE4', 'SCORE1', 'SCORE5', 'SCORE8']","['BON9', 'BON4', 'BON7', 'BON2', 'BON5', 'BON8', 'BON1']",False,"['halflings', 'dwarves', 'nomads', 'darklings']",halflings,145,05,2013
gareth27,4,126fe960806d587c78546b30f1a90853b1ada468,"['SCORE2', 'SCORE6', 'SCORE4', 'SCORE1', 'SCORE7', 'SCORE8']","['BON6', 'BON4', 'BON7', 'BON2', 'BON8', 'BON1', 'BON3']",False,"['auren', 'alchemists', 'swarmlings', 'chaosmagicians']",chaosmagicians,138,05,2013
gareth28,4,126fe960806d587c78546b30f1a90853b1ada468,"['SCORE2', 'SCORE4', 'SCORE7', 'SCORE3', 'SCORE5', 'SCORE8']","['BON6', 'BON7', 'BON2', 'BON5', 'BON8', 'BON1', 'BON3']",False,"['chaosmagicians', 'auren', 'fakirs', 'mermaids']",mermaids,118,05,2013
gareth29,4,126fe960806d587c78546b30f1a90853b1ada468,"['SCORE2', 'SCORE6', 'SCORE4', 'SCORE1', 'SCORE7', 'SCORE3']","['BON6', 'BON4', 'BON7', 'BON2', 'BON5', 'BON8', 'BON3']",False,"['darklings', 'mermaids', 'engineers', 'fakirs']",engineers,158,05,2013
gareth30,3,126fe960806d587c78546b30f1a90853b1ada468,"['SCORE2', 'SCORE7', 'SCORE3', 'SCORE4', 'SCORE5', 'SCORE8']","['BON9', 'BON2', 'BON5', 'BON8', 'BON4', 'BON3']",False,"['alchemists', 'engineers', 'fakirs']",engineers,166,05,2013
gareth31,4,126fe960806d587c78546b30f1a90853b1ada468,"['SCORE2', 'SCORE6', 'SCORE7', 'SCORE3', 'SCORE5', 'SCORE8']","['BON9', 'BON5', 'BON8', 'BON1', 'BON6', 'BON4', 'BON3']",False,"['alchemists', 'dwarves', 'swarmlings', 'witches']",witches,132,05,2013
gareth32,3,126fe960806d587c78546b30f1a90853b1ada468,"['SCORE2', 'SCORE6', 'SCORE7', 'SCORE3', 'SCORE5', 'SCORE8']","['BON9', 'BON2', 'BON5', 'BON8', 'BON4', 'BON7']",False,"['alchemists', 'nomads', 'witches']",nomads,129,05,2013
gareth34,4,126fe960806d587c78546b30f1a90853b1ada468,"['SCORE2', 'SCORE6', 'SCORE4', 'SCORE7', 'SCORE5', 'SCORE8']","['BON9', 'BON4', 'BON7', 'BON2', 'BON8', 'BON1', 'BON3']",False,"['chaosmagicians', 'auren', 'alchemists', 'fakirs']",chaosmagicians,117,05,2013
Grant5PBF1,4,126fe960806d587c78546b30f1a90853b1ada468,"['SCORE1', 'SCORE2', 'SCORE7', 'SCORE3', 'SCORE4', 'SCORE8']","['BON9', 'BON6', 'BON4', 'BON7', 'BON5', 'BON8', 'BON3']",False,"['darklings', 'dwarves', 'giants', 'witches']",giants,141,05,2013
Hiiiiiiiiiii,2,126fe960806d587c78546b30f1a90853b1ada468,"['SCORE2', 'SCORE6', 'SCORE4', 'SCORE7', 'SCORE3', 'SCORE5']","['BON9', 'BON8', 'BON1', 'BON4', 'BON3']",False,"['chaosmagicians', 'cultists']",chaosmagicians,104,05,2013
jab2013,3,126fe960806d587c78546b30f1a90853b1ada468,"['SCORE6', 'SCORE4', 'SCORE1', 'SCORE7', 'SCORE3', 'SCORE8']","['BON9', 'BON2', 'BON1', 'BON6', 'BON4', 'BON3']",False,"['alchemists', 'swarmlings', 'auren']",swarmlings,114,05,2013
jabeux1,3,126fe960806d587c78546b30f1a90853b1ada468,"['SCORE1', 'SCORE6', 'SCORE3', 'SCORE4', 'SCORE5', 'SCORE8']","['BON9', 'BON6', 'BON2', 'BON5', 'BON8', 'BON1']",False,"['chaosmagicians', 'alchemists', 'nomads']",alchemists,114,05,2013
jan1,3,126fe960806d587c78546b30f1a90853b1ada468,"['SCORE2', 'SCORE6', 'SCORE7', 'SCORE3', 'SCORE5', 'SCORE8']","['BON9', 'BON8', 'BON6', 'BON4', 'BON3', 'BON7']",False,"['chaosmagicians', 'halflings', 'swarmlings']",chaosmagicians,144,05,2013
jan2,4,126fe960806d587c78546b30f1a90853b1ada468,"['SCORE6', 'SCORE4', 'SCORE1', 'SCORE7', 'SCORE3', 'SCORE8']","['BON6', 'BON7', 'BON2', 'BON5', 'BON8', 'BON1', 'BON3']",False,"['darklings', 'mermaids', 'engineers', 'nomads']",darklings,140,05,2013
jan3,5,126fe960806d587c78546b30f1a90853b1ada468,"['SCORE2', 'SCORE4', 'SCORE1', 'SCORE7', 'SCORE3', 'SCORE8']","['BON9', 'BON6', 'BON4', 'BON7', 'BON5', 'BON8', 'BON1', 'BON3']",False,"['chaosmagicians', 'auren', 'dwarves', 'cultists', 'darklings']",cultists,135,05,2013
jan4,4,126fe960806d587c78546b30f1a90853b1ada468,"['SCORE6', 'SCORE1', 'SCORE7', 'SCORE3', 'SCORE5', 'SCORE8']","['BON6', 'BON4', 'BON7', 'BON2', 'BON5', 'BON1', 'BON3']",False,"['auren', 'dwarves', 'nomads', 'halflings']",halflings,133,05,2013
joehn2,4,126fe960806d587c78546b30f1a90853b1ada468,"['SCORE2', 'SCORE7', 'SCORE6', 'SCORE3', 'SCORE4', 'SCORE8']","['BON6', 'BON4', 'BON7', 'BON2', 'BON5', 'BON8', 'BON3']",False,"['chaosmagicians', 'swarmlings', 'fakirs', 'alchemists']",swarmlings,145,05,2013
joehn3,5,126fe960806d587c78546b30f1a90853b1ada468,"['SCORE2', 'SCORE6', 'SCORE7', 'SCORE3', 'SCORE5', 'SCORE8']","['BON9', 'BON6', 'BON4', 'BON2', 'BON5', 'BON8', 'BON1', 'BON3']",False,"['auren', 'cultists', 'swarmlings', 'chaosmagicians', 'darklings']",swarmlings,120,05,2013
john1,5,126fe960806d587c78546b30f1a90853b1ada468,"['SCORE6', 'SCORE4', 'SCORE1', 'SCORE7', 'SCORE3', 'SCORE8']","['BON9', 'BON4', 'BON7', 'BON2', 'BON5', 'BON8', 'BON1', 'BON3']",False,"['engineers', 'halflings', 'swarmlings', 'auren', 'darklings']",engineers,138,05,2013
John2,4,126fe960806d587c78546b30f1a90853b1ada468,"['SCORE2', 'SCORE6', 'SCORE4', 'SCORE1', 'SCORE7', 'SCORE5']","['BON6', 'BON4', 'BON7', 'BON2', 'BON5', 'BON8', 'BON1']",False,"['witches', 'dwarves', 'swarmlings', 'alchemists']",alchemists,136,05,2013
John3,3,126fe960806d587c78546b30f1a90853b1ada468,"['SCORE2', 'SCORE6', 'SCORE4', 'SCORE3', 'SCORE5', 'SCORE8']","['BON9', 'BON5', 'BON1', 'BON4', 'BON3', 'BON7']",False,"['darklings', 'engineers', 'nomads']",darklings,176,05,2013
Kenny4er,4,126fe960806d587c78546b30f1a90853b1ada468,"['SCORE2', 'SCORE6', 'SCORE4', 'SCORE3', 'SCORE5', 'SCORE8']","['BON9', 'BON4', 'BON7', 'BON2', 'BON8', 'BON1', 'BON3']",False,"['chaosmagicians', 'dwarves', 'fakirs', 'alchemists']",alchemists,124,05,2013
KennySamRex3er,3,126fe960806d587c78546b30f1a90853b1ada468,"['SCORE4', 'SCORE1', 'SCORE7', 'SCORE3', 'SCORE5', 'SCORE8']","['BON9', 'BON4', 'BON2', 'BON8', 'BON1', 'BON3']",False,"['chaosmagicians', 'dwarves', 'witches']",witches,137,05,2013
kin10,4,126fe960806d587c78546b30f1a90853b1ada468,"['SCORE2', 'SCORE6', 'SCORE4', 'SCORE1', 'SCORE7', 'SCORE5']","['BON9', 'BON4', 'BON2', 'BON5', 'BON8', 'BON1', 'BON3']",False,"['auren', 'cultists', 'nomads', 'giants']",giants,128,05,2013
kin11,4,126fe960806d587c78546b30f1a90853b1ada468,"['SCORE2', 'SCORE6', 'SCORE4', 'SCORE1', 'SCORE3', 'SCORE5']","['BON9', 'BON6', 'BON4', 'BON7', 'BON2', 'BON8', 'BON3']",False,"['alchemists', 'giants', 'mermaids', 'halflings']",giants,129,05,2013
kin4,5,126fe960806d587c78546b30f1a90853b1ada468,"['SCORE6', 'SCORE4', 'SCORE1', 'SCORE7', 'SCORE3', 'SCORE5']","['BON9', 'BON6', 'BON4', 'BON7', 'BON5', 'BON8', 'BON1', 'BON3']",False,"['chaosmagicians', 'engineers', 'nomads', 'cultists', 'mermaids']",mermaids,123,05,2013
kin5,4,126fe960806d587c78546b30f1a90853b1ada468,"['SCORE2', 'SCORE4', 'SCORE1', 'SCORE7', 'SCORE3', 'SCORE5']","['BON9', 'BON6', 'BON4', 'BON2', 'BON5', 'BON8', 'BON1']",False,"['cultists', 'nomads', 'alchemists', 'witches']",alchemists,158,05,2013
kin6,4,126fe960806d587c78546b30f1a90853b1ada468,"['SCORE2', 'SCORE4', 'SCORE1', 'SCORE7', 'SCORE5', 'SCORE8']","['BON9', 'BON4', 'BON7', 'BON2', 'BON5', 'BON8', 'BON1']",False,"['nomads', 'mermaids', 'giants', 'auren']",nomads,144,05,2013
kin7,4,126fe960806d587c78546b30f1a90853b1ada468,"['SCORE2', 'SCORE6', 'SCORE4', 'SCORE1', 'SCORE3', 'SCORE5']","['BON9', 'BON6', 'BON4', 'BON2', 'BON5', 'BON1', 'BON3']",False,"['chaosmagicians', 'witches', 'alchemists', 'swarmlings']",swarmlings,124,05,2013
kin8,5,126fe960806d587c78546b30f1a90853b1ada468,"['SCORE2', 'SCORE6', 'SCORE4', 'SCORE1', 'SCORE3', 'SCORE8']","['BON9', 'BON6', 'BON7', 'BON2', 'BON5', 'BON8', 'BON1', 'BON3']",False,"['darklings', 'mermaids', 'engineers', 'halflings', 'chaosmagicians']",chaosmagicians,143,05,2013
kin9,5,126fe960806d587c78546b30f1a90853b1ada468,"['SCORE2', 'SCORE4', 'SCORE1', 'SCORE7', 'SCORE3', 'SCORE5']","['BON9', 'BON6', 'BON4', 'BON7', 'BON2', 'BON8', 'BON1', 'BON3']",False,"['auren', 'mermaids', 'dwarves', 'chaosmagicians', 'halflings']",halflings,143,05,2013
lva,2,126fe960806d587c78546b30f1a90853b1ada468,"['SCORE2', 'SCORE6', 'SCORE7', 'SCORE3', 'SCORE4', 'SCORE8']","['BON9', 'BON2', 'BON6', 'BON4', 'BON3']",False,"['chaosmagicians', 'swarmlings']",swarmlings,142,05,2013
lva4,2,126fe960806d587c78546b30f1a90853b1ada468,"['SCORE2', 'SCORE6', 'SCORE7', 'SCORE3', 'SCORE5', 'SCORE8']","['BON2', 'BON8', 'BON1', 'BON3', 'BON7']",False,"['dwarves', 'witches']",dwarves,135,05,2013
lva5,2,126fe960806d587c78546b30f1a90853b1ada468,"['SCORE2', 'SCORE4', 'SCORE1', 'SCORE3', 'SCORE5', 'SCORE8']","['BON5', 'BON8', 'BON1', 'BON4', 'BON3']",False,"['alchemists', 'swarmlings']",swarmlings,147,05,2013
lva6,2,126fe960806d587c78546b30f1a90853b1ada468,"['SCORE6', 'SCORE4', 'SCORE1', 'SCORE7', 'SCORE3', 'SCORE8']","['BON9', 'BON2', 'BON1', 'BON3', 'BON7']",False,"['halflings', 'engineers']",halflings,162,05,2013
MaBieBra1,4,126fe960806d587c78546b30f1a90853b1ada468,"['SCORE2', 'SCORE7', 'SCORE6', 'SCORE3', 'SCORE4', 'SCORE8']","['BON9', 'BON6', 'BON4', 'BON7', 'BON5', 'BON1', 'BON3']",False,"['auren', 'cultists', 'giants', 'fakirs']",giants,110,05,2013
maccit1,5,126fe960806d587c78546b30f1a90853b1ada468,"['SCORE2', 'SCORE7', 'SCORE6', 'SCORE3', 'SCORE5', 'SCORE8']","['BON9', 'BON6', 'BON4', 'BON7', 'BON2', 'BON5', 'BON8', 'BON3']",False,"['giants', 'darklings', 'halflings', 'nomads', 'witches']",darklings,131,05,2013
magnus1,3,126fe960806d587c78546b30f1a90853b1ada468,"['SCORE2', 'SCORE7', 'SCORE6', 'SCORE3', 'SCORE5', 'SCORE8']","['BON9', 'BON5', 'BON1', 'BON6', 'BON4', 'BON7']",False,"['darklings', 'giants', 'witches']",darklings,160,05,2013
magnus2,4,126fe960806d587c78546b30f1a90853b1ada468,"['SCORE2', 'SCORE4', 'SCORE7', 'SCORE3', 'SCORE5', 'SCORE8']","['BON6', 'BON4', 'BON7', 'BON2', 'BON5', 'BON1', 'BON3']",False,"['darklings', 'dwarves', 'nomads', 'auren']",nomads,115,05,2013
magnus3,3,126fe960806d587c78546b30f1a90853b1ada468,"['SCORE2', 'SCORE6', 'SCORE4', 'SCORE7', 'SCORE3', 'SCORE8']","['BON9', 'BON4', 'BON7', 'BON2', 'BON8', 'BON3']",False,"['nomads', 'swarmlings', 'witches']",nomads,145,05,2013
Malcolmsgame,2,126fe960806d587c78546b30f1a90853b1ada468,"['SCORE6', 'SCORE4', 'SCORE1', 'SCORE7', 'SCORE3', 'SCORE5']","['BON2', 'BON8', 'BON1', 'BON6', 'BON3']",False,"['alchemists', 'swarmlings']",alchemists,155,05,2013
marbiebra2,4,126fe960806d587c78546b30f1a90853b1ada468,"['SCORE2', 'SCORE6', 'SCORE4', 'SCORE1', 'SCORE3', 'SCORE5']","['BON9', 'BON6', 'BON4', 'BON7', 'BON2', 'BON5', 'BON1']",False,"['chaosmagicians', 'halflings', 'dwarves', 'mermaids']",dwarves,139,05,2013
marcelp1,5,126fe960806d587c78546b30f1a90853b1ada468,"['SCORE2', 'SCORE6', 'SCORE4', 'SCORE1', 'SCORE3', 'SCORE5']","['BON9', 'BON4', 'BON7', 'BON2', 'BON5', 'BON8', 'BON1', 'BON3']",False,"['cultists', 'swarmlings', 'giants', 'darklings', 'engineers']",darklings,135,05,2013
marcelp5,5,126fe960806d587c78546b30f1a90853b1ada468,"['SCORE6', 'SCORE4', 'SCORE1', 'SCORE7', 'SCORE3', 'SCORE5']","['BON9', 'BON6', 'BON4', 'BON2', 'BON5', 'BON8', 'BON1', 'BON3']",False,"['darklings', 'mermaids', 'halflings', 'witches', 'chaosmagicians']",chaosmagicians,138,05,2013
marcelp6,5,126fe960806d587c78546b30f1a90853b1ada468,"['SCORE2', 'SCORE6', 'SCORE4', 'SCORE1', 'SCORE7', 'SCORE3']","['BON9', 'BON6', 'BON4', 'BON7', 'BON2', 'BON5', 'BON1', 'BON3']",False,"['chaosmagicians', 'swarmlings', 'witches', 'darklings', 'cultists']",swarmlings,133,05,2013
MNS,3,126fe960806d587c78546b30f1a90853b1ada468,"['SCORE2', 'SCORE6', 'SCORE1', 'SCORE7', 'SCORE5', 'SCORE8']","['BON6', 'BON4', 'BON7', 'BON2', 'BON8', 'BON1']",False,"['halflings', 'nomads', 'witches']",halflings,136,05,2013
MNVPs1,4,126fe960806d587c78546b30f1a90853b1ada468,"['SCORE2', 'SCORE6', 'SCORE4', 'SCORE1', 'SCORE3', 'SCORE5']","['BON6', 'BON4', 'BON2', 'BON5', 'BON8', 'BON1', 'BON3']",False,"['darklings', 'dwarves', 'swarmlings', 'nomads']",darklings,146,05,2013
Morphus03,3,126fe960806d587c78546b30f1a90853b1ada468,"['SCORE1', 'SCORE2', 'SCORE7', 'SCORE3', 'SCORE4', 'SCORE5']","['BON9', 'BON2', 'BON8', 'BON4', 'BON3', 'BON7']",False,"['auren', 'dwarves', 'nomads']",dwarves,122,05,2013