game_id,map,num_players,player_name,faction,vp_scored,won,favour_tiles,bonus_tiles,town_tiles,num_towns,num_digs,leech_power,burn_power,vp_by_round,num_dwellings,num_trading post,num_temples,num_strongholds,num_sanctuary,month,year
pbc3,126fe960806d587c78546b30f1a90853b1ada468,3,,darklings,136,False,"['FAV11', 'FAV9']","['BON9', 'BON8', 'BON6', 'BON7']","['TW3', 'TW1']",2,13,20,8,"[20, 9, 5, 16, 24, 23, 39]",14,6,2,1,0,02,2013
pbc3,126fe960806d587c78546b30f1a90853b1ada468,3,,halflings,157,False,['FAV11'],"['BON9', 'BON2', 'BON6', 'BON7']","['TW2', 'TW5']",3,10,17,8,"[20, 9, 17, 15, 17, 16, 63]",14,6,1,1,0,02,2013
pbc3,126fe960806d587c78546b30f1a90853b1ada468,3,,dwarves,170,True,"['FAV11', 'FAV12', 'FAV4']","['BON2', 'BON1', 'BON6']","['TW3', 'TW5']",2,missing,33,10,"[20, -1, 3, 15, 39, 26, 68]",14,6,2,1,1,02,2013
10,126fe960806d587c78546b30f1a90853b1ada468,4,,chaosmagicians,101,False,"['FAV5', 'FAV1', 'FAV8', 'FAV4']","['BON9', 'BON4', 'BON3', 'BON7']","['TW4', 'TW3']",2,1,4,1,"[20, 3, 4, 13, 6, 13, 42]",11,3,1,1,1,03,2013
10,126fe960806d587c78546b30f1a90853b1ada468,4,,darklings,154,True,"['FAV11', 'FAV5', 'FAV7', 'FAV6']","['BON9', 'BON2', 'BON5', 'BON6', 'BON4']","['TW4', 'TW2', 'TW1']",3,14,11,4,"[20, 2, 16, 9, 19, 31, 57]",13,5,3,1,1,03,2013
10,126fe960806d587c78546b30f1a90853b1ada468,4,,swarmlings,92,False,"['FAV5', 'FAV3', 'FAV8']","['BON5', 'BON6', 'BON3', 'BON7']","['TW5', 'TW1']",2,4,7,7,"[20, 9, 9, 8, 11, 16, 28]",11,5,2,1,1,03,2013
10,126fe960806d587c78546b30f1a90853b1ada468,4,,witches,85,False,['FAV8'],"['BON2', 'BON5', 'BON6', 'BON3', 'BON7']","['TW3', 'TW5']",2,5,5,4,"[20, 3, 2, 2, 17, 2, 39]",10,4,1,1,0,03,2013
21,126fe960806d587c78546b30f1a90853b1ada468,4,,auren,101,False,"['FAV12', 'FAV3', 'FAV8']","['BON2', 'BON5', 'BON8', 'BON6', 'BON4']","['TW4', 'TW5']",2,1,17,7,"[20, 2, 3, 8, 6, 21, 41]",12,4,1,1,1,03,2013
21,126fe960806d587c78546b30f1a90853b1ada468,4,dkeisen,nomads,124,False,"['FAV11', 'FAV10', 'FAV1']","['BON5', 'BON8', 'BON6', 'BON3', 'BON7']","['TW2', 'TW3', 'TW1']",3,1,9,8,"[20, 0, 8, 15, 3, 25, 53]",15,7,2,1,1,03,2013
21,126fe960806d587c78546b30f1a90853b1ada468,4,Jan,giants,102,False,"['FAV5', 'FAV10', 'FAV9']","['BON2', 'BON8', 'BON6', 'BON3']","['TW4', 'TW1']",2,missing,10,7,"[20, 8, 10, 6, 10, 18, 30]",11,6,2,1,1,03,2013
21,126fe960806d587c78546b30f1a90853b1ada468,4,jsnell,mermaids,146,True,"['FAV11', 'FAV12']","['BON2', 'BON8', 'BON4', 'BON3', 'BON7']","['TW2', 'TW3', 'TW5']",3,3,35,8,"[20, 8, 12, 3, 25, 16, 62]",14,7,2,1,0,03,2013
5,126fe960806d587c78546b30f1a90853b1ada468,4,,cultists,121,False,"['FAV5', 'FAV7', 'FAV9', 'FAV8']","['BON2', 'BON1', 'BON4', 'BON3']","['TW2', 'TW1']",2,1,3,8,"[20, 4, 5, 10, 6, 17, 59]",12,4,3,0,1,03,2013
5,126fe960806d587c78546b30f1a90853b1ada468,4,,swarmlings,129,True,"['FAV10', 'FAV8']","['BON9', 'BON2', 'BON8', 'BON1', 'BON3', 'BON7']","['TW4', 'TW1']",2,10,12,6,"[20, 10, 8, 10, 6, 16, 59]",8,7,2,1,0,03,2013
5,126fe960806d587c78546b30f1a90853b1ada468,4,,nomads,96,False,"['FAV12', 'FAV6', 'FAV3']","['BON9', 'BON2', 'BON8', 'BON7']","['TW4', 'TW3']",2,2,20,7,"[20, 2, 1, 14, 15, 16, 28]",9,6,3,1,0,03,2013
5,126fe960806d587c78546b30f1a90853b1ada468,4,,alchemists,77,False,['FAV5'],"['BON9', 'BON8', 'BON1', 'BON4']","['TW2', 'TW3']",2,8,20,9,"[20, 4, 4, -3, 1, 16, 35]",11,4,1,1,0,03,2013
8,126fe960806d587c78546b30f1a90853b1ada468,5,,chaosmagicians,100,False,"['FAV11', 'FAV5', 'FAV12', 'FAV7', 'FAV6', 'FAV3', 'FAV9', 'FAV8']","['BON5', 'BON8', 'BON1', 'BON4', 'BON3']","['TW2', 'TW5']",2,1,7,7,"[20, 2, -1, 17, 8, 4, 50]",9,4,3,0,1,03,2013
8,126fe960806d587c78546b30f1a90853b1ada468,5,,alchemists,113,False,"['FAV11', 'FAV8']","['BON2', 'BON6', 'BON7']","['TW4', 'TW5']",2,6,35,1,"[20, 7, 0, 15, 12, 16, 43]",13,5,2,1,0,03,2013
8,126fe960806d587c78546b30f1a90853b1ada468,5,,engineers,130,True,"['FAV12', 'FAV7', 'FAV4']","['BON1', 'BON6', 'BON3', 'BON7']","['TW2', 'TW3']",2,2,11,8,"[20, 3, 6, 3, 26, 31, 41]",8,7,2,1,1,03,2013
8,126fe960806d587c78546b30f1a90853b1ada468,5,,swarmlings,110,False,"['FAV12', 'FAV8']","['BON5', 'BON8', 'BON1', 'BON6']","['TW3', 'TW1']",2,3,10,9,"[20, 5, 6, 26, 10, 11, 32]",13,6,1,1,1,03,2013
8,126fe960806d587c78546b30f1a90853b1ada468,5,,fakirs,87,False,"['FAV5', 'FAV7', 'FAV1']","['BON2', 'BON5', 'BON8', 'BON1', 'BON3']","['TW4', 'TW1']",2,4,20,10,"[20, 3, 0, 9, 24, -1, 32]",12,4,2,1,1,03,2013
9,126fe960806d587c78546b30f1a90853b1ada468,5,,chaosmagicians,102,False,"['FAV11', 'FAV7', 'FAV6', 'FAV3', 'FAV9', 'FAV8']","['BON2', 'BON1', 'BON3']",['TW2'],1,1,6,9,"[20, 3, 3, 4, 16, 23, 33]",11,3,2,1,1,03,2013
9,126fe960806d587c78546b30f1a90853b1ada468,5,,darklings,143,True,"['FAV11', 'FAV1', 'FAV8']","['BON9', 'BON2', 'BON5', 'BON8', 'BON6']",['TW5'],2,10,13,9,"[20, 5, 0, 16, 40, 15, 47]",13,5,2,1,1,03,2013
9,126fe960806d587c78546b30f1a90853b1ada468,5,,dwarves,130,False,"['FAV2', 'FAV5', 'FAV7', 'FAV10']","['BON9', 'BON5', 'BON1', 'BON7']","['TW4', 'TW2', 'TW1']",3,missing,36,8,"[20, 8, 11, 4, 25, 19, 43]",14,7,3,0,1,03,2013
9,126fe960806d587c78546b30f1a90853b1ada468,5,,swarmlings,115,False,"['FAV6', 'FAV10', 'FAV4']","['BON5', 'BON1', 'BON6', 'BON3', 'BON7']","['TW4', 'TW3']",2,2,6,8,"[20, 10, 3, 7, 17, 15, 43]",9,8,3,1,0,03,2013
9,126fe960806d587c78546b30f1a90853b1ada468,5,,cultists,64,False,"['FAV5', 'FAV7', 'FAV8']","['BON2', 'BON5', 'BON6', 'BON3', 'BON7']",['TW3'],1,4,15,6,"[20, 7, 7, -1, 14, 8, 16]",6,3,2,0,1,03,2013
gareth4,126fe960806d587c78546b30f1a90853b1ada468,4,,mermaids,120,False,"['FAV5', 'FAV6', 'FAV9']","['BON9', 'BON2', 'BON5', 'BON6', 'BON4']","['TW4', 'TW5', 'TW1']",3,5,16,7,"[20, 0, 9, 13, 9, 10, 59]",14,7,2,1,1,03,2013
gareth4,126fe960806d587c78546b30f1a90853b1ada468,4,Lachlan,chaosmagicians,111,False,"['FAV2', 'FAV5', 'FAV12', 'FAV7', 'FAV6', 'FAV10', 'FAV1', 'FAV8']","['BON2', 'BON5', 'BON4', 'BON7']","['TW2', 'TW1']",2,2,6,7,"[20, 0, 5, 8, 12, 13, 53]",10,5,3,0,1,03,2013
gareth4,126fe960806d587c78546b30f1a90853b1ada468,4,McRegnak,nomads,74,False,"['FAV7', 'FAV8', 'FAV4']","['BON9', 'BON2', 'BON5', 'BON8']","['TW4', 'TW3']",2,1,10,7,"[20, 5, 11, 5, 0, 7, 26]",9,3,2,1,1,03,2013
gareth4,126fe960806d587c78546b30f1a90853b1ada468,4,jsnell,alchemists,143,True,"['FAV11', 'FAV12']","['BON9', 'BON5', 'BON6', 'BON7']","['TW2', 'TW5']",2,11,4,7,"[20, 7, 8, 7, 28, 28, 45]",12,4,1,1,1,03,2013
gareth5,126fe960806d587c78546b30f1a90853b1ada468,5,,dwarves,95,False,"['FAV11', 'FAV7', 'FAV6']","['BON9', 'BON2', 'BON5', 'BON6']",['TW2'],1,4,20,9,"[20, 18, 6, 3, 8, 16, 24]",11,4,2,1,1,03,2013
gareth5,126fe960806d587c78546b30f1a90853b1ada468,5,Jan,cultists,133,True,"['FAV11', 'FAV5', 'FAV6']","['BON9', 'BON5', 'BON6', 'BON3', 'BON7']","['TW2', 'TW5']",2,1,22,8,"[20, 2, 4, 4, 30, 18, 55]",13,6,2,1,1,03,2013
gareth5,126fe960806d587c78546b30f1a90853b1ada468,5,Pri,witches,92,False,"['FAV5', 'FAV7', 'FAV8']","['BON5', 'BON1', 'BON3', 'BON7']","['TW3', 'TW5']",2,1,17,7,"[20, 4, 3, 2, 18, 8, 37]",12,6,2,1,1,03,2013
gareth5,126fe960806d587c78546b30f1a90853b1ada468,5,Tobulogic,chaosmagicians,102,False,"['FAV9', 'FAV5', 'FAV7', 'FAV3', 'FAV8', 'FAV4']","['BON9', 'BON6', 'BON5', 'BON8', 'BON1']","['TW4', 'TW1']",2,2,14,6,"[20, 8, 6, 4, 9, 11, 44]",13,5,2,1,1,03,2013
gareth5,126fe960806d587c78546b30f1a90853b1ada468,5,lode,mermaids,124,False,"['FAV6', 'FAV10', 'FAV1']","['BON2', 'BON8', 'BON1', 'BON3', 'BON7']","['TW4', 'TW1']",2,2,17,9,"[20, 4, 8, 2, 12, 23, 55]",13,7,2,1,1,03,2013
gareth6,126fe960806d587c78546b30f1a90853b1ada468,5,,halflings,87,False,"['FAV5', 'FAV1']","['BON2', 'BON8', 'BON1', 'BON4', 'BON3']","['TW2', 'TW1']",2,6,14,7,"[20, 8, 8, 12, 10, 9, 20]",13,5,1,1,1,03,2013
gareth6,126fe960806d587c78546b30f1a90853b1ada468,5,,giants,101,False,"['FAV11', 'FAV5', 'FAV12']","['BON2', 'BON5', 'BON8', 'BON6', 'BON3']","['TW3', 'TW5']",2,2,28,8,"[20, -3, -2, 14, 8, 17, 47]",14,6,2,1,1,03,2013
gareth6,126fe960806d587c78546b30f1a90853b1ada468,5,magnusrk,dwarves,138,True,"['FAV11', 'FAV12', 'FAV7']","['BON2', 'BON1', 'BON6', 'BON7']","['TW4', 'TW2']",2,missing,32,8,"[20, -1, -2, 27, 10, 16, 68]",14,7,2,1,1,03,2013
gareth6,126fe960806d587c78546b30f1a90853b1ada468,5,menderico,swarmlings,83,False,"['FAV7', 'FAV8']","['BON5', 'BON8', 'BON1', 'BON6', 'BON3']",['TW3'],1,9,10,7,"[20, 3, 5, 12, 8, 2, 33]",11,5,1,1,1,03,2013
gareth6,126fe960806d587c78546b30f1a90853b1ada468,5,giorgio.ugazio,witches,102,False,"['FAV11', 'FAV5', 'FAV6', 'FAV4']","['BON2', 'BON1', 'BON6', 'BON4', 'BON7']","['TW4', 'TW5', 'TW1']",3,missing,21,8,"[20, 6, 9, -2, 9, 13, 47]",14,6,3,1,1,03,2013
pbc1,126fe960806d587c78546b30f1a90853b1ada468,5,,chaosmagicians,117,False,"['FAV11', 'FAV5', 'FAV12', 'FAV7', 'FAV6', 'FAV9']","['BON2', 'BON5', 'BON8', 'BON1', 'BON4']",['TW5'],2,2,12,7,"[20, 0, 0, 1, 28, 8, 60]",11,4,2,1,1,03,2013
pbc1,126fe960806d587c78546b30f1a90853b1ada468,5,,darklings,126,False,"['FAV11', 'FAV12']","['BON9', 'BON2', 'BON8', 'BON1', 'BON7']","['TW2', 'TW1']",2,7,12,8,"[20, 0, 4, 9, 25, 19, 49]",11,3,1,1,1,03,2013
pbc1,126fe960806d587c78546b30f1a90853b1ada468,5,,halflings,138,True,"['FAV11', 'FAV5']","['BON9', 'BON5', 'BON1', 'BON3']","['TW2', 'TW1']",2,13,21,8,"[20, 7, 4, 34, 9, 28, 36]",11,3,1,1,1,03,2013
pbc1,126fe960806d587c78546b30f1a90853b1ada468,5,,nomads,62,False,"['FAV5', 'FAV10']","['BON5', 'BON1', 'BON4', 'BON3', 'BON7']","['TW4', 'TW3']",2,2,7,8,"[20, 2, 2, 1, 13, -1, 27]",14,6,1,1,1,03,2013
pbc1,126fe960806d587c78546b30f1a90853b1ada468,5,,witches,79,False,[],"['BON2', 'BON5', 'BON8', 'BON3', 'BON7']",['TW3'],1,10,18,8,"[20, 8, 8, 25, 10, 5, 11]",11,5,0,1,0,03,2013
pbc2,126fe960806d587c78546b30f1a90853b1ada468,3,,mermaids,188,True,"['FAV11', 'FAV10']","['BON8', 'BON1', 'BON6', 'BON3', 'BON7']","['TW4', 'TW2', 'TW1']",3,4,29,8,"[20, 6, 13, -1, 39, 15, 96]",15,7,2,1,0,03,2013
pbc2,126fe960806d587c78546b30f1a90853b1ada468,3,,nomads,152,False,"['FAV11', 'FAV12', 'FAV10']","['BON2', 'BON1', 'BON6', 'BON3']","['TW3', 'TW5']",3,missing,13,9,"[20, 4, 3, 2, 24, 19, 80]",15,7,2,1,1,03,2013
pbc2,126fe960806d587c78546b30f1a90853b1ada468,3,,engineers,143,False,"['FAV11', 'FAV7', 'FAV10', 'FAV8']","['BON8', 'BON1', 'BON6']","['TW5', 'TW1']",2,missing,11,8,"[20, 2, 2, 16, 22, 22, 59]",14,6,3,1,1,03,2013
skelly1,126fe960806d587c78546b30f1a90853b1ada468,4,,fakirs,84,False,"['FAV11', 'FAV7']","['BON2', 'BON5', 'BON8', 'BON3']",[],0,4,21,7,"[20, 5, 5, 1, 10, 16, 27]",11,3,2,1,0,03,2013
skelly1,126fe960806d587c78546b30f1a90853b1ada468,4,,chaosmagicians,92,False,"['FAV11', 'FAV7', 'FAV6', 'FAV10', 'FAV9', 'FAV8']","['BON2', 'BON1', 'BON6', 'BON4', 'BON3']",['TW4'],1,missing,4,6,"[20, 1, 5, 9, 11, 7, 39]",6,6,3,1,0,03,2013
skelly1,126fe960806d587c78546b30f1a90853b1ada468,4,,auren,153,True,"['FAV6', 'FAV10']","['BON2', 'BON1', 'BON6', 'BON3']","['TW4', 'TW5']",2,10,5,7,"[20, 6, 8, 12, 34, 3, 70]",12,5,1,1,0,03,2013
skelly1,126fe960806d587c78546b30f1a90853b1ada468,4,,alchemists,93,False,"['FAV10', 'FAV3']","['BON2', 'BON8', 'BON1', 'BON4']","['TW2', 'TW5']",2,1,9,8,"[20, 6, 2, 10, 1, 10, 44]",8,6,2,1,0,03,2013
skelly1b,126fe960806d587c78546b30f1a90853b1ada468,4,,engineers,57,False,"['FAV7', 'FAV8']","['BON5', 'BON8', 'BON3', 'BON7']",['TW2'],1,6,11,4,"[20, 8, 0, 3, 2, 12, 12]",8,3,2,1,0,03,2013
skelly1b,126fe960806d587c78546b30f1a90853b1ada468,4,,giants,89,False,"['FAV6', 'FAV8']","['BON2', 'BON4', 'BON7']","['TW3', 'TW5']",2,1,1,7,"[20, 2, 14, 14, 14, 5, 48]",11,4,1,1,1,03,2013
skelly1b,126fe960806d587c78546b30f1a90853b1ada468,4,,alchemists,105,True,"['FAV6', 'FAV8', 'FAV4']","['BON2', 'BON5', 'BON8', 'BON4', 'BON3']","['TW3', 'TW1']",2,4,6,5,"[20, 20, 6, 9, 1, 1, 69]",12,4,2,1,1,03,2013
skelly1b,126fe960806d587c78546b30f1a90853b1ada468,4,,halflings,97,False,"['FAV7', 'FAV9']","['BON5', 'BON8', 'BON4', 'BON3', 'BON7']",['TW5'],1,14,8,4,"[20, 9, 11, 12, 16, 5, 24]",11,3,1,0,1,03,2013
skelly1e,126fe960806d587c78546b30f1a90853b1ada468,4,,dwarves,91,False,[],"['BON9', 'BON5', 'BON1', 'BON3']",['TW2'],1,2,14,7,"[20, 6, 2, 11, 9, 16, 27]",12,5,0,1,0,03,2013
skelly1e,126fe960806d587c78546b30f1a90853b1ada468,4,,swarmlings,132,True,"['FAV11', 'FAV5']","['BON2', 'BON5', 'BON1', 'BON4', 'BON3']","['TW4', 'TW3', 'TW1']",3,5,14,8,"[20, 0, 5, 5, 13, 30, 59]",13,6,1,1,1,03,2013
skelly1e,126fe960806d587c78546b30f1a90853b1ada468,4,,giants,119,False,['FAV11'],"['BON9', 'BON5', 'BON1', 'BON3', 'BON7']","['TW5', 'TW1']",2,3,0,8,"[20, 2, 2, 13, 15, 21, 48]",12,4,1,1,0,03,2013
skelly1e,126fe960806d587c78546b30f1a90853b1ada468,4,,nomads,107,False,[],"['BON2', 'BON1', 'BON4', 'BON7']","['TW4', 'TW3']",2,1,4,5,"[20, 2, 5, 3, 8, 25, 44]",13,5,0,1,0,03,2013
skelly1f,126fe960806d587c78546b30f1a90853b1ada468,4,,darklings,102,False,"['FAV12', 'FAV7', 'FAV6']","['BON2', 'BON8', 'BON6', 'BON3', 'BON7']","['TW3', 'TW1']",2,11,8,7,"[20, 2, 6, 0, 12, 31, 31]",12,4,3,1,0,03,2013
skelly1f,126fe960806d587c78546b30f1a90853b1ada468,4,,mermaids,92,False,[],"['BON9', 'BON2', 'BON8', 'BON6', 'BON7']",['TW5'],1,11,6,6,"[20, 6, 4, 13, 14, 8, 27]",10,2,0,1,0,03,2013
skelly1f,126fe960806d587c78546b30f1a90853b1ada468,4,,halflings,116,True,"['FAV7', 'FAV3', 'FAV4']","['BON9', 'BON6', 'BON3', 'BON7']",['TW2'],1,9,16,7,"[20, 7, 7, 4, 29, 8, 41]",11,3,2,1,1,03,2013
skelly1f,126fe960806d587c78546b30f1a90853b1ada468,4,,witches,100,False,"['FAV5', 'FAV12', 'FAV1']","['BON8', 'BON6', 'BON4', 'BON3']","['TW4', 'TW3']",3,3,16,9,"[20, 4, 2, 9, -1, 14, 52]",13,6,2,1,1,03,2013
sls2,126fe960806d587c78546b30f1a90853b1ada468,5,,cultists,78,False,['FAV7'],"['BON2', 'BON5', 'BON8', 'BON6', 'BON4', 'BON7']",['TW5'],1,3,10,7,"[20, -2, 12, 0, 6, 12, 30]",7,6,1,1,0,03,2013
sls2,126fe960806d587c78546b30f1a90853b1ada468,5,sky1ark,chaosmagicians,108,False,"['FAV11', 'FAV2', 'FAV7', 'FAV6', 'FAV10', 'FAV9', 'FAV8', 'FAV4']","['BON9', 'BON2', 'BON5', 'BON8', 'BON3']","['TW2', 'TW5']",2,9,3,5,"[20, 20, 7, 10, 12, 16, 43]",10,4,3,1,1,03,2013
sls2,126fe960806d587c78546b30f1a90853b1ada468,5,Antero,swarmlings,133,True,"['FAV7', 'FAV6', 'FAV10', 'FAV9']","['BON2', 'BON6', 'BON4', 'BON7']","['TW2', 'TW1']",2,5,9,7,"[20, 4, 11, 19, 8, 29, 42]",8,8,3,1,1,03,2013
sls2,126fe960806d587c78546b30f1a90853b1ada468,5,tanar,witches,126,False,['FAV10'],"['BON9', 'BON5', 'BON8', 'BON3']",['TW4'],2,11,14,7,"[20, 4, 4, 24, 19, 21, 34]",12,6,1,1,0,03,2013
sls2,126fe960806d587c78546b30f1a90853b1ada468,5,jsnell,nomads,125,False,['FAV11'],"['BON9', 'BON2', 'BON6', 'BON3', 'BON7']","['TW3', 'TW1']",2,2,17,8,"[20, 6, -2, 9, 26, 22, 44]",14,6,1,1,0,03,2013
verandi1,126fe960806d587c78546b30f1a90853b1ada468,4,,darklings,116,False,"['FAV11', 'FAV2', 'FAV9', 'FAV1']","['BON2', 'BON5', 'BON8', 'BON1']",['TW1'],1,13,12,7,"[20, 2, 2, 21, 16, 8, 49]",13,5,3,0,1,03,2013
verandi1,126fe960806d587c78546b30f1a90853b1ada468,4,,dwarves,152,True,"['FAV11', 'FAV7', 'FAV8']","['BON2', 'BON1', 'BON4', 'BON3']","['TW2', 'TW1']",2,1,15,5,"[20, -4, 0, 25, 12, 23, 76]",15,7,2,1,1,03,2013
verandi1,126fe960806d587c78546b30f1a90853b1ada468,4,,halflings,116,False,"['FAV11', 'FAV7']","['BON2', 'BON5', 'BON6', 'BON4', 'BON3']","['TW2', 'TW5']",2,9,19,7,"[20, -1, 5, 16, 15, 14, 47]",11,5,2,1,0,03,2013
verandi1,126fe960806d587c78546b30f1a90853b1ada468,4,,fakirs,113,False,['FAV12'],"['BON1', 'BON6', 'BON3', 'BON8']",[],0,missing,31,9,"[20, 5, 8, 18, 12, 8, 42]",13,5,1,1,0,03,2013
15,126fe960806d587c78546b30f1a90853b1ada468,4,,chaosmagicians,108,False,"['FAV11', 'FAV5', 'FAV7', 'FAV6', 'FAV10', 'FAV9', 'FAV1', 'FAV8']","['BON9', 'BON2', 'BON4', 'BON7']",['TW4'],1,missing,15,6,"[20, -2, 4, 4, 14, 24, 44]",13,5,3,0,1,04,2013
15,126fe960806d587c78546b30f1a90853b1ada468,4,,witches,126,False,"['FAV11', 'FAV12', 'FAV4']","['BON5', 'BON8', 'BON6', 'BON4', 'BON7']","['TW4', 'TW1']",2,missing,30,6,"[20, 0, 6, 4, 22, 20, 54]",15,7,2,1,1,04,2013
15,126fe960806d587c78546b30f1a90853b1ada468,4,jhagen1908,alchemists,100,False,"['FAV11', 'FAV10']","['BON9', 'BON2', 'BON5', 'BON6', 'BON7']","['TW3', 'TW5']",2,7,18,9,"[20, 6, -3, 5, 8, 23, 41]",12,5,1,1,1,04,2013
15,126fe960806d587c78546b30f1a90853b1ada468,4,jbrier,halflings,142,True,"['FAV2', 'FAV7']","['BON9', 'BON2', 'BON5', 'BON8', 'BON6']",['TW2'],2,11,3,6,"[20, 2, 2, 43, 16, 7, 54]",14,6,1,1,1,04,2013
17,126fe960806d587c78546b30f1a90853b1ada468,5,,chaosmagicians,99,False,"['FAV5', 'FAV12', 'FAV7', 'FAV6', 'FAV9', 'FAV8']","['BON2', 'BON8', 'BON4', 'BON7']","['TW4', 'TW5']",2,missing,8,6,"[20, 20, 20, 4, 15, 14, 46]",10,4,2,0,1,04,2013
17,126fe960806d587c78546b30f1a90853b1ada468,5,,darklings,133,False,"['FAV11', 'FAV5', 'FAV7', 'FAV10']","['BON2', 'BON5', 'BON8', 'BON6']","['TW3', 'TW1']",2,12,9,8,"[20, 3, 2, 4, 32, 38, 34]",11,6,3,0,1,04,2013
17,126fe960806d587c78546b30f1a90853b1ada468,5,,swarmlings,98,False,"['FAV11', 'FAV12', 'FAV9']","['BON9', 'BON1', 'BON6', 'BON7']","['TW4', 'TW3']",2,1,21,4,"[20, 4, 0, 1, 8, 38, 27]",9,7,2,1,1,04,2013
17,126fe960806d587c78546b30f1a90853b1ada468,5,,nomads,128,False,"['FAV11', 'FAV10', 'FAV9']","['BON9', 'BON2', 'BON1', 'BON4']","['TW2', 'TW1']",2,missing,23,10,"[20, 2, -2, 10, 28, 15, 55]",13,7,2,1,1,04,2013
17,126fe960806d587c78546b30f1a90853b1ada468,5,,engineers,140,True,"['FAV2', 'FAV12', 'FAV7', 'FAV10', 'FAV4']","['BON5', 'BON8', 'BON6', 'BON7']","['TW2', 'TW5']",2,missing,19,7,"[20, -2, 6, 14, 17, 25, 60]",9,9,4,1,1,04,2013
18,126fe960806d587c78546b30f1a90853b1ada468,4,,halflings,120,False,"['FAV11', 'FAV5']","['BON2', 'BON5', 'BON8']","['TW2', 'TW3']",2,9,19,6,"[20, 8, 0, 18, 12, 20, 42]",11,4,1,0,1,04,2013
18,126fe960806d587c78546b30f1a90853b1ada468,4,jbrier,alchemists,138,False,['FAV10'],"['BON9', 'BON5', 'BON1', 'BON6']","['TW2', 'TW3']",2,11,5,7,"[20, 14, 14, 20, 8, 36, 40]",13,6,1,1,0,04,2013
18,126fe960806d587c78546b30f1a90853b1ada468,4,Doubtofbuddha,dwarves,137,False,"['FAV7', 'FAV10', 'FAV1']","['BON9', 'BON1', 'BON7']","['TW4', 'TW5']",2,missing,21,8,"[20, -1, 2, 2, 26, 43, 45]",12,7,2,1,1,04,2013
18,126fe960806d587c78546b30f1a90853b1ada468,4,jhagen1908,swarmlings,142,True,"['FAV12', 'FAV10', 'FAV8', 'FAV4']","['BON5', 'BON1', 'BON6', 'BON7']","['TW5', 'TW1']",2,2,4,7,"[20, 5, 4, 16, 5, 40, 52]",8,8,3,1,1,04,2013
20,126fe960806d587c78546b30f1a90853b1ada468,5,,chaosmagicians,121,False,"['FAV2', 'FAV5', 'FAV7', 'FAV6', 'FAV10', 'FAV3', 'FAV9', 'FAV8']","['BON2', 'BON5', 'BON1', 'BON4']",['TW4'],2,missing,17,6,"[20, 2, 2, 4, 16, 27, 50]",14,6,3,0,1,04,2013
20,126fe960806d587c78546b30f1a90853b1ada468,5,,darklings,128,False,"['FAV11', 'FAV6', 'FAV10']","['BON2', 'BON5', 'BON8', 'BON1', 'BON3']","['TW2', 'TW1']",2,10,16,6,"[20, 1, 5, 10, 21, 23, 48]",12,6,2,0,1,04,2013
20,126fe960806d587c78546b30f1a90853b1ada468,5,,halflings,136,True,"['FAV5', 'FAV12', 'FAV7']","['BON9', 'BON2', 'BON5', 'BON8', 'BON3', 'BON7']","['TW3', 'TW5']",2,15,14,8,"[20, 5, 5, 18, 35, 12, 41]",13,5,2,0,1,04,2013
20,126fe960806d587c78546b30f1a90853b1ada468,5,,nomads,88,False,"['FAV11', 'FAV5', 'FAV12']","['BON9', 'BON5', 'BON8', 'BON1', 'BON3']","['TW3', 'TW5']",2,1,17,8,"[20, 3, -1, 8, 6, 21, 31]",13,5,2,1,1,04,2013
20,126fe960806d587c78546b30f1a90853b1ada468,5,,witches,113,False,"['FAV11', 'FAV12', 'FAV7', 'FAV10']","['BON9', 'BON3', 'BON7']","['TW2', 'TW1']",2,2,25,9,"[20, 3, 7, 10, 4, 27, 42]",12,7,3,1,1,04,2013
23,126fe960806d587c78546b30f1a90853b1ada468,4,,alchemists,132,False,"['FAV5', 'FAV12', 'FAV10', 'FAV1']","['BON9', 'BON5', 'BON8', 'BON6', 'BON7']","['TW3', 'TW5']",2,1,15,8,"[20, 3, 2, 9, 13, 51, 34]",13,5,3,1,1,04,2013
23,126fe960806d587c78546b30f1a90853b1ada468,4,,engineers,94,False,"['FAV7', 'FAV10', 'FAV9']","['BON9', 'BON5', 'BON6', 'BON3']","['TW4', 'TW2']",2,8,27,5,"[20, -1, 1, 12, 17, 5, 40]",12,4,2,1,1,04,2013
23,126fe960806d587c78546b30f1a90853b1ada468,4,,swarmlings,139,True,"['FAV11', 'FAV12', 'FAV7', 'FAV6']","['BON5', 'BON8', 'BON6', 'BON3', 'BON7']","['TW3', 'TW5', 'TW1']",3,1,10,6,"[20, 1, -2, 10, 17, 26, 67]",13,8,3,1,1,04,2013
23,126fe960806d587c78546b30f1a90853b1ada468,4,,fakirs,104,False,"['FAV11', 'FAV12', 'FAV10']","['BON9', 'BON2', 'BON6']",[],0,missing,37,8,"[20, 1, 18, 6, 5, 19, 35]",12,4,2,1,1,04,2013
24,126fe960806d587c78546b30f1a90853b1ada468,5,,darklings,129,False,"['FAV11', 'FAV7', 'FAV10']","['BON9', 'BON5', 'BON1', 'BON3', 'BON7']","['TW3', 'TW1']",2,15,11,8,"[20, 6, 2, 7, 15, 25, 54]",13,5,2,1,1,04,2013
24,126fe960806d587c78546b30f1a90853b1ada468,5,,dwarves,111,False,"['FAV11', 'FAV7']","['BON5', 'BON1', 'BON6', 'BON3']",['TW2'],1,3,20,8,"[20, 2, -5, 28, 12, 18, 36]",11,3,1,1,1,04,2013
24,126fe960806d587c78546b30f1a90853b1ada468,5,,mermaids,149,True,"['FAV2', 'FAV9']","['BON9', 'BON8', 'BON6', 'BON4']",['TW5'],2,14,19,9,"[20, 10, 5, 5, 41, 8, 60]",12,4,1,1,1,04,2013
24,126fe960806d587c78546b30f1a90853b1ada468,5,,cultists,122,False,"['FAV11', 'FAV5', 'FAV10']","['BON9', 'BON8', 'BON1', 'BON4', 'BON3', 'BON7']","['TW4', 'TW1']",2,4,22,8,"[20, -2, 4, 17, 8, 41, 34]",9,6,2,1,1,04,2013
24,126fe960806d587c78546b30f1a90853b1ada468,5,,chaosmagicians,96,False,"['FAV5', 'FAV12', 'FAV7', 'FAV6', 'FAV10', 'FAV3', 'FAV9', 'FAV8']","['BON5', 'BON6', 'BON4', 'BON3']",['TW2'],1,missing,7,7,"[20, -1, 4, 7, 9, 24, 33]",6,5,3,0,1,04,2013
25,126fe960806d587c78546b30f1a90853b1ada468,5,,swarmlings,100,False,"['FAV7', 'FAV9']","['BON8', 'BON6', 'BON3']","['TW4', 'TW2']",2,5,14,7,"[20, 4, 11, 8, 10, 13, 34]",12,5,1,1,1,04,2013
25,126fe960806d587c78546b30f1a90853b1ada468,5,Jan,witches,130,False,"['FAV5', 'FAV12', 'FAV6', 'FAV10']","['BON9', 'BON2', 'BON5', 'BON1', 'BON3']","['TW4', 'TW5', 'TW1']",3,2,34,8,"[20, 1, -1, 15, 6, 21, 68]",14,7,3,1,1,04,2013
25,126fe960806d587c78546b30f1a90853b1ada468,5,adjunction,chaosmagicians,115,False,"['FAV11', 'FAV5', 'FAV12', 'FAV7', 'FAV6', 'FAV9', 'FAV8', 'FAV4']","['BON2', 'BON5', 'BON1', 'BON6', 'BON3']",['TW3'],1,3,17,9,"[20, 2, 0, 15, 14, 18, 46]",10,4,3,0,1,04,2013
25,126fe960806d587c78546b30f1a90853b1ada468,5,jsnell,alchemists,125,False,"['FAV11', 'FAV10', 'FAV1']","['BON9', 'BON1', 'BON6']","['TW3', 'TW5']",2,8,11,9,"[20, 4, 6, 8, 25, 21, 41]",11,3,2,1,1,04,2013
25,126fe960806d587c78546b30f1a90853b1ada468,5,BlueSteel,halflings,131,True,"['FAV11', 'FAV10']","['BON9', 'BON2', 'BON5', 'BON1', 'BON4']","['TW2', 'TW1']",2,7,18,8,"[20, 7, -2, 11, 35, 17, 43]",13,5,2,1,0,04,2013
26,126fe960806d587c78546b30f1a90853b1ada468,5,,dwarves,120,False,"['FAV11', 'FAV5', 'FAV8']","['BON9', 'BON2', 'BON5', 'BON1', 'BON6']",['TW5'],1,1,13,8,"[20, -1, 3, 15, 4, 13, 66]",11,4,2,0,1,04,2013
26,126fe960806d587c78546b30f1a90853b1ada468,5,,alchemists,141,True,"['FAV11', 'FAV10']","['BON9', 'BON6', 'BON3', 'BON7']","['TW2', 'TW3']",2,8,30,6,"[20, 8, 3, 24, 26, 18, 42]",15,7,2,1,0,04,2013
26,126fe960806d587c78546b30f1a90853b1ada468,5,,auren,99,False,"['FAV11', 'FAV12', 'FAV7', 'FAV8']","['BON5', 'BON1', 'BON6', 'BON3', 'BON7']","['TW4', 'TW3']",2,1,17,5,"[20, 2, 6, 5, 2, 17, 47]",7,5,2,1,1,04,2013
26,126fe960806d587c78546b30f1a90853b1ada468,5,,nomads,108,False,"['FAV5', 'FAV12']","['BON9', 'BON2', 'BON5', 'BON4', 'BON3', 'BON7']","['TW4', 'TW1']",2,1,21,6,"[20, 1, 0, 6, 10, 7, 64]",14,6,1,1,1,04,2013
26,126fe960806d587c78546b30f1a90853b1ada468,5,,swarmlings,102,False,"['FAV6', 'FAV10']","['BON2', 'BON1', 'BON6', 'BON4', 'BON3']",['TW2'],1,7,22,8,"[20, 4, 4, -1, 36, 13, 26]",11,6,1,1,1,04,2013
29,126fe960806d587c78546b30f1a90853b1ada468,4,Doubtofbuddha,chaosmagicians,131,True,"['FAV11', 'FAV5', 'FAV7', 'FAV6', 'FAV9', 'FAV8']","['BON2', 'BON5', 'BON1', 'BON4', 'BON3']","['TW5', 'TW1']",2,1,11,6,"[20, -3, 0, 5, 7, 35, 67]",13,5,2,0,1,04,2013
29,126fe960806d587c78546b30f1a90853b1ada468,4,boomtron,alchemists,120,False,"['FAV12', 'FAV10']","['BON9', 'BON5', 'BON1', 'BON7']","['TW2', 'TW1']",2,1,10,9,"[20, 5, 6, -3, 40, 16, 36]",10,6,1,1,1,04,2013
29,126fe960806d587c78546b30f1a90853b1ada468,4,jhagen1908,engineers,105,False,"['FAV11', 'FAV9', 'FAV8']","['BON2', 'BON1', 'BON4', 'BON3']",['TW5'],1,missing,13,5,"[20, -1, 2, -1, 6, 22, 57]",12,4,3,1,0,04,2013
29,126fe960806d587c78546b30f1a90853b1ada468,4,JimmyButterfly,witches,113,False,"['FAV11', 'FAV5', 'FAV8']","['BON9', 'BON2', 'BON5', 'BON4', 'BON3']","['TW2', 'TW3']",2,10,13,7,"[20, 4, 4, 4, 8, 36, 37]",12,4,2,0,1,04,2013
34,126fe960806d587c78546b30f1a90853b1ada468,5,Doubtofbuddha,auren,135,True,"['FAV11', 'FAV10', 'FAV8']","['BON2', 'BON6', 'BON3']","['TW4', 'TW5']",2,1,17,3,"[20, 3, 3, 4, 18, 5, 82]",14,6,1,1,1,04,2013
34,126fe960806d587c78546b30f1a90853b1ada468,5,jhagen1908,cultists,125,False,"['FAV12', 'FAV6', 'FAV10']","['BON2', 'BON8', 'BON1', 'BON3', 'BON7']","['TW3', 'TW5']",2,2,9,10,"[20, -1, 1, 1, 18, 27, 60]",7,6,2,1,1,04,2013
34,126fe960806d587c78546b30f1a90853b1ada468,5,boomtron,swarmlings,126,False,"['FAV11', 'FAV5']","['BON9', 'BON2', 'BON1', 'BON6', 'BON4', 'BON7']","['TW2', 'TW1']",3,10,6,6,"[20, 5, 7, 14, 25, 16, 39]",14,7,2,1,0,04,2013
34,126fe960806d587c78546b30f1a90853b1ada468,5,Jan,giants,105,False,"['FAV5', 'FAV9']","['BON9', 'BON6', 'BON7']","['TW4', 'TW2']",2,missing,13,6,"[20, 8, 3, 15, 23, 12, 24]",13,6,1,1,1,04,2013
34,126fe960806d587c78546b30f1a90853b1ada468,5,jbrier,fakirs,115,False,"['FAV11', 'FAV8']","['BON9', 'BON8', 'BON1', 'BON4', 'BON3']",['TW3'],1,1,23,6,"[20, -2, 9, 13, 8, 26, 41]",13,5,2,1,0,04,2013
38,126fe960806d587c78546b30f1a90853b1ada468,5,jhagen1908,auren,126,True,"['FAV12', 'FAV10', 'FAV9']","['BON9', 'BON2', 'BON1', 'BON6', 'BON4', 'BON7']","['TW5', 'TW1']",2,3,21,5,"[20, 0, 3, 11, 12, 24, 56]",10,6,1,1,1,04,2013
38,126fe960806d587c78546b30f1a90853b1ada468,5,Doubtofbuddha,alchemists,119,False,['FAV10'],"['BON9', 'BON8', 'BON1', 'BON6', 'BON7']","['TW2', 'TW3']",2,2,4,8,"[20, 5, 3, 6, 28, 27, 30]",10,6,1,1,0,04,2013
38,126fe960806d587c78546b30f1a90853b1ada468,5,boomtron,nomads,115,False,"['FAV5', 'FAV12', 'FAV4']","['BON9', 'BON5', 'BON1', 'BON6']","['TW4', 'TW3', 'TW1']",3,1,6,8,"[20, 5, 5, 2, 10, 15, 58]",14,6,2,1,1,04,2013
38,126fe960806d587c78546b30f1a90853b1ada468,5,jbrier,engineers,100,False,"['FAV12', 'FAV7', 'FAV10', 'FAV3']","['BON2', 'BON8', 'BON1', 'BON6']",['TW2'],1,1,16,5,"[20, -3, 0, 10, 17, 12, 44]",7,7,3,1,1,04,2013
38,126fe960806d587c78546b30f1a90853b1ada468,5,Kin,mermaids,107,False,"['FAV11', 'FAV5']","['BON9', 'BON2', 'BON5', 'BON8', 'BON4', 'BON7']","['TW4', 'TW5']",2,4,17,9,"[20, -3, 10, 8, 2, 19, 51]",11,3,1,0,1,04,2013
39,126fe960806d587c78546b30f1a90853b1ada468,5,jbrier,halflings,135,False,"['FAV7', 'FAV10', 'FAV3']","['BON9', 'BON2', 'BON8', 'BON1', 'BON6']",['TW5'],1,12,3,8,"[20, 5, 5, 0, 59, 23, 28]",7,5,3,1,0,04,2013
39,126fe960806d587c78546b30f1a90853b1ada468,5,morphus,nomads,106,False,"['FAV11', 'FAV9', 'FAV4']","['BON9', 'BON5', 'BON8', 'BON6', 'BON7']","['TW4', 'TW1']",2,1,10,9,"[20, 4, 1, 9, 6, 23, 43]",14,7,2,1,1,04,2013
39,126fe960806d587c78546b30f1a90853b1ada468,5,jsnell,mermaids,133,False,"['FAV5', 'FAV12', 'FAV10']","['BON9', 'BON2', 'BON1', 'BON6', 'BON4']","['TW4', 'TW2', 'TW3']",3,1,26,9,"[20, 10, 4, 6, 17, 38, 38]",13,7,2,1,1,04,2013
39,126fe960806d587c78546b30f1a90853b1ada468,5,Iago71,engineers,92,False,"['FAV11', 'FAV5', 'FAV12', 'FAV9']","['BON9', 'BON2', 'BON5', 'BON1', 'BON4']","['TW2', 'TW5']",2,missing,28,7,"[20, 4, 6, 2, 4, 12, 44]",11,5,3,1,1,04,2013
39,126fe960806d587c78546b30f1a90853b1ada468,5,Kin,darklings,153,True,"['FAV11', 'FAV10']","['BON9', 'BON2', 'BON8', 'BON6', 'BON7']","['TW3', 'TW1']",2,12,10,7,"[20, 4, 7, 16, 16, 54, 36]",11,5,1,1,1,04,2013
40,126fe960806d587c78546b30f1a90853b1ada468,5,Jan,alchemists,79,False,"['FAV11', 'FAV10']","['BON9', 'BON5', 'BON4', 'BON3', 'BON7']",['TW3'],1,5,20,9,"[20, 5, 3, 3, 11, 14, 26]",7,6,1,1,1,04,2013
40,126fe960806d587c78546b30f1a90853b1ada468,5,jhagen1908,dwarves,105,False,['FAV7'],"['BON9', 'BON2', 'BON5', 'BON8', 'BON3']","['TW4', 'TW2']",2,5,24,6,"[20, 0, 8, 4, 10, 18, 45]",12,5,1,1,0,04,2013
40,126fe960806d587c78546b30f1a90853b1ada468,5,jbrier,cultists,125,False,"['FAV12', 'FAV10', 'FAV3', 'FAV9']","['BON9', 'BON2', 'BON5', 'BON1', 'BON3']","['TW5', 'TW1']",2,2,8,7,"[20, -1, 6, 5, 27, 8, 60]",8,8,3,1,1,04,2013
40,126fe960806d587c78546b30f1a90853b1ada468,5,winterborne,nomads,112,False,"['FAV5', 'FAV12']","['BON9', 'BON2', 'BON8', 'BON1']","['TW4', 'TW2', 'TW5']",3,missing,13,8,"[20, 3, 1, 7, 18, 11, 52]",14,6,1,1,1,04,2013
40,126fe960806d587c78546b30f1a90853b1ada468,5,morphus,swarmlings,130,True,"['FAV2', 'FAV12', 'FAV10', 'FAV9', 'FAV4']","['BON1', 'BON3', 'BON7']","['TW3', 'TW1']",2,missing,12,7,"[20, 4, 15, 11, 9, 20, 51]",13,8,4,1,1,04,2013
7,126fe960806d587c78546b30f1a90853b1ada468,5,,mermaids,110,False,"['FAV5', 'FAV10', 'FAV9']","['BON2', 'BON8', 'BON1', 'BON6']","['TW5', 'TW1']",2,missing,27,8,"[20, 6, -1, 6, 15, 15, 49]",13,6,2,1,1,04,2013
7,126fe960806d587c78546b30f1a90853b1ada468,5,,halflings,131,False,"['FAV11', 'FAV12']","['BON5', 'BON6', 'BON4', 'BON3']","['TW2', 'TW3']",2,10,29,8,"[20, -2, 9, 16, 18, 25, 45]",13,5,1,1,1,04,2013
7,126fe960806d587c78546b30f1a90853b1ada468,5,,witches,123,False,"['FAV11', 'FAV9']","['BON5', 'BON1', 'BON6', 'BON7']","['TW4', 'TW2']",2,2,19,8,"[20, 2, 3, 13, 12, 25, 48]",12,6,1,1,1,04,2013
7,126fe960806d587c78546b30f1a90853b1ada468,5,jhagen1908,chaosmagicians,124,False,"['FAV5', 'FAV12', 'FAV7', 'FAV10', 'FAV3', 'FAV9', 'FAV8', 'FAV4']","['BON2', 'BON6', 'BON4', 'BON3', 'BON7']","['TW5', 'TW1']",2,1,11,8,"[20, 4, -1, 17, 2, 35, 47]",8,6,3,1,1,04,2013
7,126fe960806d587c78546b30f1a90853b1ada468,5,jbrier,darklings,138,True,"['FAV11', 'FAV7', 'FAV10']","['BON2', 'BON5', 'BON8', 'BON3', 'BON7']",['TW3'],1,17,3,7,"[20, 4, 5, 33, 10, 24, 42]",12,5,2,1,1,04,2013
BlaGame1,126fe960806d587c78546b30f1a90853b1ada468,2,,alchemists,138,False,"['FAV12', 'FAV10']","['BON9', 'BON2', 'BON6', 'BON3']",['TW2'],1,3,18,8,"[20, 6, 8, 17, 8, 27, 52]",13,7,2,1,0,04,2013
BlaGame1,126fe960806d587c78546b30f1a90853b1ada468,2,,dwarves,139,True,['FAV11'],"['BON9', 'BON2', 'BON6', 'BON3']",['TW2'],1,1,33,8,"[20, 3, 2, 24, 22, 10, 58]",14,6,1,1,0,04,2013
BlaGame10,126fe960806d587c78546b30f1a90853b1ada468,2,,alchemists,128,True,"['FAV11', 'FAV12', 'FAV10']","['BON9', 'BON6', 'BON3', 'BON7']","['TW2', 'TW5']",2,7,23,7,"[20, 3, 12, 8, 12, 11, 62]",11,7,2,1,1,04,2013
BlaGame10,126fe960806d587c78546b30f1a90853b1ada468,2,,dwarves,115,False,"['FAV7', 'FAV6', 'FAV10']","['BON2', 'BON6', 'BON3', 'BON7']","['TW2', 'TW1']",2,6,18,9,"[20, -2, 11, 6, 2, 5, 73]",11,6,3,1,0,04,2013
BlaGame2,126fe960806d587c78546b30f1a90853b1ada468,2,,auren,130,True,"['FAV12', 'FAV7', 'FAV6', 'FAV9', 'FAV1']","['BON9', 'BON5', 'BON1', 'BON4', 'BON7']","['TW2', 'TW5', 'TW1']",3,1,18,9,"[20, 2, 1, 2, 18, 3, 84]",16,8,3,1,1,04,2013
BlaGame2,126fe960806d587c78546b30f1a90853b1ada468,2,,fakirs,93,False,"['FAV12', 'FAV7']","['BON9', 'BON5', 'BON1', 'BON7']","['TW2', 'TW3']",2,2,35,8,"[20, 20, 1, 4, 6, 14, 48]",14,6,2,1,0,04,2013
BlaGame3,126fe960806d587c78546b30f1a90853b1ada468,2,,mermaids,132,True,"['FAV11', 'FAV5', 'FAV6']","['BON5', 'BON1', 'BON4', 'BON3']",['TW2'],2,1,18,8,"[20, 2, 19, 3, 3, 11, 74]",15,7,3,0,0,04,2013
BlaGame3,126fe960806d587c78546b30f1a90853b1ada468,2,,giants,99,False,"['FAV5', 'FAV12', 'FAV1']","['BON5', 'BON8', 'BON4', 'BON3']","['TW4', 'TW1']",3,missing,17,5,"[20, -1, 10, 10, 5, 2, 53]",15,7,2,1,1,04,2013
BlaGame4,126fe960806d587c78546b30f1a90853b1ada468,2,,halflings,130,True,"['FAV12', 'FAV7']","['BON9', 'BON5', 'BON6', 'BON7']","['TW5', 'TW1']",2,10,24,4,"[20, 4, 7, 9, 2, 21, 67]",13,5,2,0,0,04,2013
BlaGame4,126fe960806d587c78546b30f1a90853b1ada468,2,,witches,121,False,"['FAV5', 'FAV12']","['BON9', 'BON5', 'BON8', 'BON6']","['TW5', 'TW1']",2,3,27,7,"[20, 8, 2, 9, 12, 17, 53]",14,7,2,1,0,04,2013
BlaGame5,126fe960806d587c78546b30f1a90853b1ada468,2,,darklings,145,True,"['FAV11', 'FAV7']","['BON9', 'BON8', 'BON4', 'BON3']","['TW5', 'TW1']",2,9,18,4,"[20, -1, 0, 12, 24, 21, 69]",13,5,2,1,0,04,2013
BlaGame5,126fe960806d587c78546b30f1a90853b1ada468,2,,dwarves,137,False,"['FAV5', 'FAV7']","['BON9', 'BON8', 'BON6', 'BON3']",['TW3'],2,6,26,5,"[20, 5, 5, 16, 8, 13, 75]",13,5,1,1,1,04,2013
BlaGame6,126fe960806d587c78546b30f1a90853b1ada468,2,,halflings,146,True,['FAV10'],"['BON9', 'BON2', 'BON7', 'BON8']",['TW1'],2,12,11,9,"[20, 15, 7, 1, 20, 17, 66]",13,5,1,1,0,04,2013
BlaGame6,126fe960806d587c78546b30f1a90853b1ada468,2,,swarmlings,106,False,['FAV5'],"['BON9', 'BON2', 'BON8', 'BON4', 'BON7']",['TW2'],1,5,10,8,"[20, 8, 3, 8, 0, 18, 49]",11,6,1,1,0,04,2013
BlaGame7,126fe960806d587c78546b30f1a90853b1ada468,2,,auren,99,True,"['FAV5', 'FAV7', 'FAV6', 'FAV8']","['BON9', 'BON2', 'BON5', 'BON4', 'BON3']","['TW4', 'TW1']",2,1,7,3,"[20, 1, 2, 2, 5, 5, 64]",14,6,3,1,0,04,2013
BlaGame7,126fe960806d587c78546b30f1a90853b1ada468,2,,mermaids,81,False,[],"['BON9', 'BON4', 'BON3', 'BON2']","['TW4', 'TW1']",2,3,12,6,"[20, 5, 7, -1, 19, 10, 21]",13,5,0,1,0,04,2013
BlaGame8,126fe960806d587c78546b30f1a90853b1ada468,5,,chaosmagicians,113,False,"['FAV11', 'FAV2', 'FAV5', 'FAV12', 'FAV7', 'FAV6', 'FAV10', 'FAV3', 'FAV9', 'FAV8']","['BON2', 'BON5', 'BON8', 'BON1', 'BON4']","['TW4', 'TW1']",2,missing,7,8,"[20, 4, 6, 6, 6, 16, 61]",8,5,4,0,1,04,2013
BlaGame8,126fe960806d587c78546b30f1a90853b1ada468,5,,alchemists,76,False,"['FAV7', 'FAV6', 'FAV1']","['BON2', 'BON5', 'BON8', 'BON6']","['TW2', 'TW5']",2,3,23,7,"[20, 4, 2, 6, 5, 12, 27]",11,5,2,1,1,04,2013
BlaGame8,126fe960806d587c78546b30f1a90853b1ada468,5,,mermaids,76,False,['FAV8'],"['BON2', 'BON8', 'BON4', 'BON3', 'BON7']",[],0,8,34,9,"[20, 12, 4, 7, -3, 5, 31]",13,5,1,1,0,04,2013
BlaGame8,126fe960806d587c78546b30f1a90853b1ada468,5,,nomads,118,True,"['FAV5', 'FAV9']","['BON1', 'BON6', 'BON3', 'BON7']","['TW3', 'TW5']",2,2,20,7,"[20, 1, 4, 5, -2, 11, 79]",14,6,1,1,1,04,2013
BlaGame8,126fe960806d587c78546b30f1a90853b1ada468,5,,witches,92,False,"['FAV5', 'FAV12', 'FAV8', 'FAV4']","['BON2', 'BON5', 'BON8', 'BON4', 'BON3']","['TW4', 'TW2', 'TW1']",3,2,41,7,"[20, -1, 1, 2, -6, 5, 71]",15,7,3,1,1,04,2013
BlaGame9,126fe960806d587c78546b30f1a90853b1ada468,2,,auren,125,True,"['FAV11', 'FAV12', 'FAV6', 'FAV10']","['BON5', 'BON1', 'BON4', 'BON7']",['TW1'],2,3,25,7,"[20, 1, 1, 8, 4, 13, 79]",15,8,3,1,0,04,2013
BlaGame9,126fe960806d587c78546b30f1a90853b1ada468,2,,halflings,120,False,"['FAV11', 'FAV7', 'FAV10']","['BON5', 'BON3', 'BON7']",['TW2'],1,5,22,8,"[20, 4, 11, 2, 14, 9, 60]",13,6,2,0,1,04,2013
BlaTest,126fe960806d587c78546b30f1a90853b1ada468,2,Chirm,engineers,138,True,"['FAV12', 'FAV7', 'FAV10']","['BON5', 'BON8', 'BON1']","['TW2', 'TW5']",2,missing,28,7,"[20, -1, -1, 15, 13, 23, 69]",10,7,3,1,0,04,2013
BlaTest,126fe960806d587c78546b30f1a90853b1ada468,2,BlackSea,halflings,120,False,"['FAV11', 'FAV10', 'FAV8']","['BON5', 'BON8', 'BON1']",['TW2'],1,missing,14,5,"[20, -1, 9, 7, 18, 22, 45]",13,7,3,1,0,04,2013
BlaTest2,126fe960806d587c78546b30f1a90853b1ada468,2,,chaosmagicians,139,True,"['FAV2', 'FAV7', 'FAV6', 'FAV9', 'FAV1', 'FAV8']","['BON9', 'BON6', 'BON7']","['TW3', 'TW5']",2,2,0,7,"[20, 7, 0, 14, 3, 23, 72]",9,4,2,1,1,04,2013
BlaTest2,126fe960806d587c78546b30f1a90853b1ada468,2,,swarmlings,91,False,['FAV7'],"['BON9', 'BON6', 'BON7']",[],0,5,0,9,"[20, 9, 15, 4, 5, 6, 32]",7,4,1,1,0,04,2013
BlaTest3,126fe960806d587c78546b30f1a90853b1ada468,2,,nomads,109,False,"['FAV5', 'FAV10', 'FAV8']","['BON1', 'BON6', 'BON3']","['TW5', 'TW1']",3,2,14,8,"[20, -1, 1, 9, 4, 23, 53]",15,7,3,1,0,04,2013
BlaTest3,126fe960806d587c78546b30f1a90853b1ada468,2,,witches,127,True,"['FAV12', 'FAV6', 'FAV10', 'FAV9']","['BON1', 'BON6', 'BON3']","['TW3', 'TW5']",2,1,38,7,"[20, 6, 15, 1, 5, 16, 64]",15,7,3,1,1,04,2013
Doubt01,126fe960806d587c78546b30f1a90853b1ada468,4,j.madrjas,chaosmagicians,108,False,"['FAV11', 'FAV5', 'FAV7', 'FAV9']","['BON9', 'BON5', 'BON1', 'BON6', 'BON4']","['TW4', 'TW5']",2,3,4,8,"[20, 3, 4, 23, 2, 23, 33]",10,5,1,1,1,04,2013
Doubt01,126fe960806d587c78546b30f1a90853b1ada468,4,dkeisen,dwarves,143,True,"['FAV11', 'FAV10']","['BON9', 'BON5', 'BON1', 'BON7']",['TW1'],1,missing,27,9,"[20, 4, 8, 16, 12, 21, 62]",13,6,1,1,1,04,2013
Doubt01,126fe960806d587c78546b30f1a90853b1ada468,4,Doubtofbuddha,alchemists,118,False,"['FAV11', 'FAV10', 'FAV1']","['BON8', 'BON1', 'BON6', 'BON7']","['TW2', 'TW1']",2,missing,11,8,"[20, 3, 11, 12, 7, 5, 60]",13,6,2,1,1,04,2013
Doubt01,126fe960806d587c78546b30f1a90853b1ada468,4,jbrier,swarmlings,120,False,"['FAV2', 'FAV12', 'FAV6']","['BON9', 'BON1', 'BON6', 'BON4', 'BON7']","['TW3', 'TW5']",2,2,6,7,"[20, 7, 7, 17, 16, 17, 43]",12,7,2,1,1,04,2013
doug01,126fe960806d587c78546b30f1a90853b1ada468,1,dougadamsau,auren,73,True,[],"['BON1', 'BON5']",[],0,1,0,0,"[20, 2, 2, 2, 2, 2, 51]",3,2,0,0,0,04,2013
gareth10,126fe960806d587c78546b30f1a90853b1ada468,4,Jan,halflings,116,False,"['FAV11', 'FAV7', 'FAV1']","['BON2', 'BON8', 'BON1', 'BON6', 'BON3']","['TW4', 'TW1']",2,8,15,7,"[20, 6, 3, 22, 22, 11, 32]",14,6,2,1,1,04,2013
gareth10,126fe960806d587c78546b30f1a90853b1ada468,4,VeniVidiLudi,mermaids,130,True,"['FAV12', 'FAV6']","['BON5', 'BON1', 'BON6', 'BON3', 'BON7']",['TW2'],2,missing,13,10,"[20, 6, 4, 1, 24, 30, 45]",13,5,1,1,1,04,2013
gareth10,126fe960806d587c78546b30f1a90853b1ada468,4,rleland,giants,95,False,"['FAV6', 'FAV9']","['BON2', 'BON5', 'BON8', 'BON1', 'BON3']","['TW3', 'TW1']",2,3,8,8,"[20, 6, 5, 9, 6, 12, 37]",11,4,1,1,1,04,2013
gareth10,126fe960806d587c78546b30f1a90853b1ada468,4,jsnell,dwarves,125,False,"['FAV3', 'FAV8']","['BON2', 'BON5', 'BON8', 'BON1', 'BON6', 'BON7']",['TW5'],2,4,16,6,"[20, 3, 3, 2, 26, 19, 52]",13,5,1,0,1,04,2013
gareth11,126fe960806d587c78546b30f1a90853b1ada468,4,VeniVidiLudi,darklings,119,False,"['FAV6', 'FAV10', 'FAV9']","['BON2', 'BON5', 'BON8', 'BON6']","['TW2', 'TW3']",2,10,17,9,"[20, 12, 0, 11, 19, 25, 32]",12,5,2,1,1,04,2013
gareth11,126fe960806d587c78546b30f1a90853b1ada468,4,Jan,dwarves,125,False,"['FAV11', 'FAV5', 'FAV7']","['BON9', 'BON2', 'BON6', 'BON3']","['TW2', 'TW1']",2,missing,28,7,"[20, -1, 8, 6, 8, 3, 81]",12,4,2,1,1,04,2013
gareth11,126fe960806d587c78546b30f1a90853b1ada468,4,giorgio.ugazio,nomads,136,True,"['FAV11', 'FAV5', 'FAV12']","['BON9', 'BON6', 'BON3']","['TW3', 'TW5']",3,missing,25,8,"[20, 6, -4, 9, 35, 18, 52]",15,7,2,1,1,04,2013
gareth11,126fe960806d587c78546b30f1a90853b1ada468,4,lode,swarmlings,114,False,"['FAV11', 'FAV12', 'FAV9', 'FAV4']","['BON2', 'BON5', 'BON6', 'BON4', 'BON3']","['TW4', 'TW1']",2,4,9,6,"[20, 5, 5, 5, 13, 9, 57]",13,6,3,1,1,04,2013
gareth13,126fe960806d587c78546b30f1a90853b1ada468,4,Pri,nomads,113,True,"['FAV5', 'FAV3', 'FAV8']","['BON2', 'BON8', 'BON1', 'BON4']","['TW5', 'TW1']",3,1,16,9,"[20, 5, 11, 2, 14, 4, 57]",14,6,3,1,0,04,2013
gareth13,126fe960806d587c78546b30f1a90853b1ada468,4,VeniVidiLudi,dwarves,111,False,['FAV11'],"['BON2', 'BON5', 'BON8', 'BON1', 'BON6', 'BON3']",['TW3'],1,4,25,9,"[20, 8, 5, 12, 10, 21, 35]",12,4,1,1,0,04,2013
gareth13,126fe960806d587c78546b30f1a90853b1ada468,4,menderico,swarmlings,105,False,"['FAV12', 'FAV10', 'FAV1']","['BON2', 'BON8', 'BON6', 'BON3']","['TW2', 'TW5']",2,5,3,8,"[20, 9, 13, 5, 8, 22, 28]",10,7,2,1,1,04,2013
gareth13,126fe960806d587c78546b30f1a90853b1ada468,4,asitak,witches,105,False,['FAV10'],"['BON5', 'BON1', 'BON3']","['TW2', 'TW3']",2,6,18,8,"[20, 2, 17, 4, 9, 10, 43]",13,5,1,1,0,04,2013
gareth14,126fe960806d587c78546b30f1a90853b1ada468,4,McRegnak,auren,100,False,"['FAV11', 'FAV2', 'FAV1']","['BON9', 'BON2', 'BON5', 'BON8', 'BON6', 'BON7']","['TW4', 'TW5']",2,3,3,6,"[20, 5, 7, 11, 10, 6, 41]",10,3,1,1,1,04,2013
gareth14,126fe960806d587c78546b30f1a90853b1ada468,4,Lachlan,nomads,120,False,"['FAV11', 'FAV5', 'FAV4']","['BON9', 'BON5', 'BON6']","['TW2', 'TW3', 'TW1']",3,1,19,8,"[20, 7, 2, 14, 17, 19, 41]",12,6,2,1,1,04,2013
gareth14,126fe960806d587c78546b30f1a90853b1ada468,4,VeniVidiLudi,engineers,78,False,"['FAV5', 'FAV10']","['BON2', 'BON8', 'BON6', 'BON7']",['TW2'],1,3,9,8,"[20, 2, -1, 17, 2, 7, 31]",7,4,1,1,1,04,2013
gareth14,126fe960806d587c78546b30f1a90853b1ada468,4,jsnell,mermaids,138,True,"['FAV11', 'FAV12']","['BON9', 'BON2', 'BON4', 'BON7']","['TW5', 'TW1']",2,1,30,8,"[20, -1, 13, 0, 20, 26, 60]",13,5,1,1,1,04,2013
gareth16,126fe960806d587c78546b30f1a90853b1ada468,4,asitak,chaosmagicians,124,False,"['FAV11', 'FAV5', 'FAV7', 'FAV6', 'FAV9', 'FAV8']","['BON5', 'BON6', 'BON3', 'BON7']","['TW4', 'TW2', 'TW5']",3,2,14,5,"[20, -1, 2, 11, 19, 14, 59]",13,5,2,1,1,04,2013
gareth16,126fe960806d587c78546b30f1a90853b1ada468,4,menderico,darklings,87,False,"['FAV12', 'FAV7']","['BON2', 'BON8', 'BON6', 'BON3', 'BON7']",['TW3'],1,9,7,6,"[20, 8, 2, 4, 17, 5, 31]",12,4,1,1,1,04,2013
gareth16,126fe960806d587c78546b30f1a90853b1ada468,4,giorgio.ugazio,swarmlings,104,False,"['FAV5', 'FAV12', 'FAV4']","['BON8', 'BON6', 'BON4', 'BON3', 'BON7']","['TW4', 'TW2', 'TW5']",3,2,13,5,"[20, 4, 3, -1, 30, 7, 41]",13,7,2,1,1,04,2013
gareth16,126fe960806d587c78546b30f1a90853b1ada468,4,VeniVidiLudi,nomads,128,True,"['FAV11', 'FAV5']","['BON2', 'BON5', 'BON8', 'BON6', 'BON7']","['TW3', 'TW1']",3,2,14,9,"[20, 1, 2, 10, 16, 31, 48]",15,7,2,1,0,04,2013
gareth17,126fe960806d587c78546b30f1a90853b1ada468,4,rleland,halflings,121,False,['FAV12'],"['BON8', 'BON1', 'BON6', 'BON4', 'BON3', 'BON7']","['TW2', 'TW3']",2,14,12,5,"[20, 15, 9, 10, 4, 31, 32]",13,5,1,1,0,04,2013
gareth17,126fe960806d587c78546b30f1a90853b1ada468,4,VeniVidiLudi,fakirs,113,False,"['FAV11', 'FAV9', 'FAV1']","['BON5', 'BON1', 'BON6', 'BON3']",['TW2'],1,2,15,9,"[20, 2, 5, 7, 10, 24, 45]",11,3,2,1,1,04,2013
gareth17,126fe960806d587c78546b30f1a90853b1ada468,4,Jan,engineers,138,True,"['FAV7', 'FAV6', 'FAV10', 'FAV3']","['BON1', 'BON6', 'BON7']","['TW5', 'TW1']",2,missing,25,7,"[20, -1, 0, 17, 24, 25, 53]",10,8,3,1,1,04,2013
gareth17,126fe960806d587c78546b30f1a90853b1ada468,4,jsnell,mermaids,134,False,"['FAV11', 'FAV10']","['BON5', 'BON8', 'BON4', 'BON3']","['TW5', 'TW1']",2,4,12,5,"[20, 6, 7, 16, 6, 33, 46]",13,6,2,1,0,04,2013
gareth18,126fe960806d587c78546b30f1a90853b1ada468,4,Jan,nomads,123,False,"['FAV11', 'FAV10']","['BON9', 'BON5', 'BON6', 'BON4', 'BON3']",['TW1'],2,1,9,9,"[20, 3, 8, 6, 12, 25, 49]",14,7,2,1,0,04,2013
gareth18,126fe960806d587c78546b30f1a90853b1ada468,4,VeniVidiLudi,witches,113,False,"['FAV12', 'FAV3']","['BON9', 'BON8', 'BON6', 'BON7']",['TW3'],1,4,32,8,"[20, 0, 12, 7, 10, 11, 53]",15,7,2,1,0,04,2013
gareth18,126fe960806d587c78546b30f1a90853b1ada468,4,lode,chaosmagicians,151,True,"['FAV11', 'FAV12', 'FAV7', 'FAV6', 'FAV10', 'FAV9', 'FAV8', 'FAV4']","['BON5', 'BON6', 'BON4', 'BON3', 'BON7']",['TW5'],2,1,19,4,"[20, 7, 8, -3, -1, 47, 73]",14,6,3,0,1,04,2013
gareth18,126fe960806d587c78546b30f1a90853b1ada468,4,Pri,alchemists,97,False,"['FAV11', 'FAV2', 'FAV10']","['BON5', 'BON8', 'BON6', 'BON3', 'BON7']",['TW2'],1,5,11,8,"[20, 4, 4, 12, 16, 17, 24]",12,4,2,1,1,04,2013
gareth19,126fe960806d587c78546b30f1a90853b1ada468,4,rleland,chaosmagicians,108,False,"['FAV11', 'FAV7', 'FAV6', 'FAV9', 'FAV8', 'FAV4']","['BON9', 'BON2', 'BON8', 'BON3']",['TW5'],1,4,12,6,"[20, 20, 4, 2, 0, 19, 63]",11,3,2,0,1,04,2013
gareth19,126fe960806d587c78546b30f1a90853b1ada468,4,Tobulogic,halflings,117,True,"['FAV7', 'FAV8']","['BON9', 'BON2', 'BON5', 'BON8', 'BON4', 'BON7']","['TW2', 'TW3']",2,5,16,6,"[20, 5, 4, 4, 12, 31, 41]",12,4,1,1,1,04,2013
gareth19,126fe960806d587c78546b30f1a90853b1ada468,4,VeniVidiLudi,alchemists,102,False,['FAV11'],"['BON9', 'BON5', 'BON4', 'BON3', 'BON7']","['TW4', 'TW2']",2,4,9,7,"[20, 8, 5, 9, 6, 11, 43]",14,6,1,1,0,04,2013
gareth19,126fe960806d587c78546b30f1a90853b1ada468,4,menderico,swarmlings,107,False,"['FAV2', 'FAV12']","['BON5', 'BON8', 'BON4', 'BON3', 'BON7']","['TW3', 'TW5']",2,10,14,7,"[20, 9, 2, 12, 0, 16, 48]",12,7,2,1,0,04,2013
gareth2,126fe960806d587c78546b30f1a90853b1ada468,4,,halflings,102,False,"['FAV6', 'FAV10']","['BON2', 'BON5', 'BON8', 'BON1', 'BON4']","['TW2', 'TW1']",2,7,19,9,"[20, 11, 0, 12, 13, 20, 26]",11,6,1,1,1,04,2013
gareth2,126fe960806d587c78546b30f1a90853b1ada468,4,,swarmlings,116,False,"['FAV5', 'FAV12', 'FAV6', 'FAV9', 'FAV4']","['BON2', 'BON6', 'BON4', 'BON7']","['TW3', 'TW5']",2,1,19,8,"[20, 6, 8, 1, 14, 16, 51]",8,8,4,1,1,04,2013
gareth2,126fe960806d587c78546b30f1a90853b1ada468,4,,engineers,143,True,"['FAV11', 'FAV12', 'FAV7', 'FAV6', 'FAV10']","['BON5', 'BON8', 'BON1', 'BON7']","['TW5', 'TW1']",2,missing,22,8,"[20, 1, -3, 22, 15, 25, 63]",14,9,4,1,1,04,2013
gareth2,126fe960806d587c78546b30f1a90853b1ada468,4,,fakirs,110,False,"['FAV10', 'FAV9', 'FAV1']","['BON2', 'BON8', 'BON1', 'BON6']",['TW2'],1,1,21,10,"[20, 0, 1, 8, 7, 11, 63]",11,7,2,1,1,04,2013
gareth20,126fe960806d587c78546b30f1a90853b1ada468,4,zvold,chaosmagicians,112,False,"['FAV11', 'FAV5', 'FAV7', 'FAV3', 'FAV9', 'FAV8']","['BON9', 'BON2', 'BON5', 'BON4', 'BON7']","['TW2', 'TW3']",2,4,11,8,"[20, -1, 4, 13, 9, 18, 49]",10,4,2,0,1,04,2013
gareth20,126fe960806d587c78546b30f1a90853b1ada468,4,VeniVidiLudi,mermaids,120,False,"['FAV11', 'FAV12']","['BON2', 'BON5', 'BON8', 'BON4', 'BON3']","['TW5', 'TW1']",2,1,20,9,"[20, 1, 15, 4, 15, 12, 53]",14,6,2,1,0,04,2013
gareth20,126fe960806d587c78546b30f1a90853b1ada468,4,Stefan,halflings,135,True,"['FAV11', 'FAV7']","['BON2', 'BON5', 'BON3', 'BON7']","['TW2', 'TW1']",2,6,5,8,"[20, 1, 4, 13, 37, 24, 36]",14,6,1,1,1,04,2013
gareth20,126fe960806d587c78546b30f1a90853b1ada468,4,BirgitVeraSchmidt,dwarves,121,False,['FAV7'],"['BON9', 'BON2', 'BON5', 'BON8', 'BON3', 'BON7']",['TW5'],1,5,23,5,"[20, 4, 7, 10, 14, 27, 39]",12,5,1,1,0,04,2013
gareth22,126fe960806d587c78546b30f1a90853b1ada468,5,Stefan,engineers,92,False,"['FAV7', 'FAV10', 'FAV8']","['BON5', 'BON8', 'BON1', 'BON4', 'BON3']","['TW4', 'TW2']",2,3,14,8,"[20, -1, -1, 11, 5, 12, 45]",8,7,2,1,1,04,2013
gareth22,126fe960806d587c78546b30f1a90853b1ada468,5,Jan,swarmlings,85,False,"['FAV12', 'FAV10']","['BON2', 'BON1', 'BON6', 'BON3']","['TW2', 'TW1']",2,7,10,8,"[20, 9, 7, 13, 15, 4, 17]",12,6,1,1,1,04,2013
gareth22,126fe960806d587c78546b30f1a90853b1ada468,5,VeniVidiLudi,witches,115,False,"['FAV11', 'FAV3']","['BON2', 'BON5', 'BON1', 'BON4', 'BON3']",['TW5'],2,2,23,7,"[20, 4, 8, 5, 2, 40, 36]",13,5,1,0,1,04,2013
gareth22,126fe960806d587c78546b30f1a90853b1ada468,5,lode,halflings,126,False,"['FAV5', 'FAV12', 'FAV1', 'FAV8']","['BON9', 'BON8', 'BON1', 'BON6', 'BON3']","['TW4', 'TW1']",2,7,20,6,"[20, -5, 18, 17, 10, 15, 51]",14,6,3,0,1,04,2013
gareth22,126fe960806d587c78546b30f1a90853b1ada468,5,jsnell,giants,131,True,"['FAV11', 'FAV12']","['BON9', 'BON2', 'BON6', 'BON4']",['TW3'],2,missing,16,7,"[20, 4, 10, 6, 19, 34, 38]",13,5,1,1,1,04,2013
gareth23,126fe960806d587c78546b30f1a90853b1ada468,5,asitak,dwarves,125,False,"['FAV11', 'FAV5']","['BON2', 'BON5', 'BON8', 'BON6']","['TW2', 'TW5']",2,9,25,10,"[20, 9, 14, 13, 11, 8, 50]",12,4,1,0,1,04,2013
gareth23,126fe960806d587c78546b30f1a90853b1ada468,5,VeniVidiLudi,chaosmagicians,126,False,"['FAV11', 'FAV7', 'FAV6', 'FAV9']","['BON5', 'BON8', 'BON1', 'BON6', 'BON4']","['TW4', 'TW3']",2,5,12,8,"[20, 0, 4, 10, 16, 15, 61]",12,4,1,1,1,04,2013
gareth23,126fe960806d587c78546b30f1a90853b1ada468,5,Jan,darklings,130,True,"['FAV6', 'FAV10']","['BON2', 'BON1', 'BON6', 'BON3', 'BON7']","['TW3', 'TW1']",2,12,11,9,"[20, 1, 4, 24, 12, 6, 63]",12,5,1,0,1,04,2013
gareth23,126fe960806d587c78546b30f1a90853b1ada468,5,menderico,mermaids,105,False,"['FAV11', 'FAV5']","['BON5', 'BON1', 'BON6', 'BON4', 'BON3']","['TW4', 'TW5']",2,4,23,8,"[20, 5, 14, 11, 13, 5, 37]",12,4,2,1,0,04,2013
gareth23,126fe960806d587c78546b30f1a90853b1ada468,5,Pri,halflings,103,False,"['FAV5', 'FAV1']","['BON8', 'BON1', 'BON6', 'BON4', 'BON3', 'BON7']","['TW2', 'TW1']",2,6,11,9,"[20, 8, 5, 12, 11, 8, 39]",12,4,1,1,1,04,2013
gareth26,126fe960806d587c78546b30f1a90853b1ada468,4,magnusrk,witches,128,False,"['FAV12', 'FAV10', 'FAV9']","['BON9', 'BON2', 'BON1', 'BON4', 'BON3']","['TW3', 'TW5']",2,3,18,11,"[20, 5, 2, 4, 9, 25, 63]",15,7,2,1,1,04,2013
gareth26,126fe960806d587c78546b30f1a90853b1ada468,4,Jan,halflings,136,True,"['FAV11', 'FAV10', 'FAV8']","['BON9', 'BON2', 'BON5', 'BON1', 'BON3', 'BON7']","['TW2', 'TW1']",2,13,6,7,"[20, -2, 4, 2, 47, 4, 61]",13,5,3,0,0,04,2013
gareth26,126fe960806d587c78546b30f1a90853b1ada468,4,VeniVidiLudi,alchemists,89,False,"['FAV11', 'FAV9', 'FAV4']","['BON9', 'BON2', 'BON5', 'BON4', 'BON3']",['TW5'],1,2,20,9,"[20, -2, 6, 7, 3, 18, 37]",11,3,2,1,1,04,2013
gareth26,126fe960806d587c78546b30f1a90853b1ada468,4,rleland,giants,115,False,"['FAV11', 'FAV9']","['BON2', 'BON5', 'BON1', 'BON4', 'BON7']","['TW4', 'TW2']",2,missing,20,2,"[20, -2, 4, 7, 7, 17, 62]",14,6,1,1,1,04,2013
gareth3,126fe960806d587c78546b30f1a90853b1ada468,5,,chaosmagicians,104,False,"['FAV11', 'FAV2', 'FAV5', 'FAV7', 'FAV6', 'FAV3', 'FAV9', 'FAV8']","['BON2', 'BON5', 'BON6', 'BON4', 'BON3']",['TW1'],1,3,14,8,"[20, -1, 4, 10, 4, 4, 63]",11,4,3,1,1,04,2013
gareth3,126fe960806d587c78546b30f1a90853b1ada468,5,,fakirs,102,False,"['FAV8', 'FAV4']","['BON9', 'BON2', 'BON6', 'BON3', 'BON7']","['TW4', 'TW3']",2,3,11,6,"[20, 0, 0, 13, 9, 24, 36]",11,5,1,1,1,04,2013
gareth3,126fe960806d587c78546b30f1a90853b1ada468,5,,mermaids,96,False,"['FAV12', 'FAV7']","['BON9', 'BON2', 'BON1', 'BON3', 'BON7']","['TW4', 'TW5']",2,3,15,7,"[20, -1, -1, 8, 8, 8, 54]",14,6,2,1,0,04,2013
gareth3,126fe960806d587c78546b30f1a90853b1ada468,5,VeniVidiLudi,alchemists,93,False,"['FAV5', 'FAV12', 'FAV8']","['BON5', 'BON1', 'BON6', 'BON4']","['TW2', 'TW3']",2,4,28,7,"[20, -2, 1, -1, 35, 11, 29]",11,6,2,1,1,04,2013
gareth3,126fe960806d587c78546b30f1a90853b1ada468,5,magnusrk,engineers,127,True,"['FAV12', 'FAV7', 'FAV10', 'FAV9']","['BON9', 'BON5', 'BON1', 'BON6', 'BON3']","['TW2', 'TW5']",2,1,17,7,"[20, 0, 0, 11, 20, 33, 43]",9,8,3,1,1,04,2013
gareth8,126fe960806d587c78546b30f1a90853b1ada468,5,,swarmlings,79,False,"['FAV5', 'FAV10']","['BON2', 'BON8', 'BON1']","['TW4', 'TW3']",2,5,10,8,"[20, 8, 3, 0, 15, 12, 21]",9,6,1,1,1,04,2013
gareth8,126fe960806d587c78546b30f1a90853b1ada468,5,,witches,105,False,"['FAV12', 'FAV6', 'FAV9']","['BON9', 'BON5', 'BON8', 'BON1', 'BON6']","['TW5', 'TW1']",2,1,19,5,"[20, 4, 6, 1, 14, 22, 38]",13,6,2,1,1,04,2013
gareth8,126fe960806d587c78546b30f1a90853b1ada468,5,Jan,chaosmagicians,124,False,"['FAV2', 'FAV12', 'FAV6', 'FAV10', 'FAV3', 'FAV9', 'FAV8', 'FAV4']","['BON9', 'BON2', 'BON6', 'BON4', 'BON7']",['TW1'],1,missing,15,7,"[20, 3, 0, 0, 14, 36, 51]",10,7,3,1,1,04,2013
gareth8,126fe960806d587c78546b30f1a90853b1ada468,5,magnusrk,halflings,139,True,"['FAV11', 'FAV7']","['BON9', 'BON5', 'BON8', 'BON1', 'BON7']","['TW4', 'TW2', 'TW3']",3,6,26,7,"[20, 7, 20, 18, 8, 10, 56]",14,6,2,1,0,04,2013
gareth8,126fe960806d587c78546b30f1a90853b1ada468,5,lode,alchemists,122,False,"['FAV7', 'FAV10', 'FAV9', 'FAV1']","['BON2', 'BON5', 'BON6']","['TW2', 'TW5']",2,1,14,9,"[20, 5, 3, 14, 5, 38, 37]",7,7,3,1,1,04,2013
gareth9,126fe960806d587c78546b30f1a90853b1ada468,5,,halflings,99,False,"['FAV12', 'FAV1']","['BON9', 'BON2', 'BON8', 'BON1', 'BON3']",['TW2'],1,10,18,8,"[20, 6, 9, 23, 14, 8, 19]",11,3,1,1,1,04,2013
gareth9,126fe960806d587c78546b30f1a90853b1ada468,5,menderico,mermaids,108,True,"['FAV11', 'FAV5', 'FAV7', 'FAV6']","['BON2', 'BON5', 'BON1', 'BON3']","['TW2', 'TW3']",2,4,19,7,"[20, 3, 2, 13, 0, 24, 46]",12,4,3,1,1,04,2013
gareth9,126fe960806d587c78546b30f1a90853b1ada468,5,giorgio.ugazio,engineers,100,False,"['FAV7', 'FAV6', 'FAV9']","['BON9', 'BON2', 'BON5', 'BON8', 'BON1']","['TW4', 'TW5']",2,2,10,6,"[20, 2, 2, 2, 10, 16, 48]",11,3,2,1,1,04,2013
gareth9,126fe960806d587c78546b30f1a90853b1ada468,5,Tobulogic,giants,87,False,"['FAV5', 'FAV12', 'FAV9', 'FAV8']","['BON5', 'BON6', 'BON3', 'BON7']","['TW4', 'TW1']",2,missing,14,6,"[20, 5, 4, 8, 9, 4, 37]",10,6,3,1,1,04,2013
gareth9,126fe960806d587c78546b30f1a90853b1ada468,5,Pri,auren,98,False,"['FAV7', 'FAV6', 'FAV8']","['BON2', 'BON1', 'BON6', 'BON3']","['TW3', 'TW5']",2,3,17,9,"[20, 1, 4, 16, 2, 23, 32]",10,5,1,1,1,04,2013
joehn1,126fe960806d587c78546b30f1a90853b1ada468,4,,mermaids,62,False,"['FAV9', 'FAV8']","['BON2', 'BON1', 'BON7']",['TW4'],1,4,26,7,"[20, -1, 2, 5, 0, 2, 34]",12,4,2,1,0,04,2013
joehn1,126fe960806d587c78546b30f1a90853b1ada468,4,,nomads,93,False,"['FAV5', 'FAV6', 'FAV3']","['BON9', 'BON2', 'BON8', 'BON1']","['TW3', 'TW5', 'TW1']",3,1,20,5,"[20, 2, 1, 9, 11, -2, 52]",14,6,3,1,0,04,2013
joehn1,126fe960806d587c78546b30f1a90853b1ada468,4,joehn,darklings,134,True,"['FAV11', 'FAV7', 'FAV10', 'FAV8']","['BON9', 'BON5', 'BON1', 'BON4', 'BON7']","['TW4', 'TW1']",2,11,9,7,"[20, 2, 9, 4, 25, 25, 49]",13,5,3,1,1,04,2013
joehn1,126fe960806d587c78546b30f1a90853b1ada468,4,Darkmot,giants,97,False,"['FAV5', 'FAV9', 'FAV8', 'FAV4']","['BON9', 'BON2', 'BON5', 'BON8', 'BON4']","['TW3', 'TW5']",2,missing,23,3,"[20, 6, 3, 9, 1, 4, 54]",11,4,3,1,1,04,2013
kin1,126fe960806d587c78546b30f1a90853b1ada468,5,Thefeds,darklings,123,True,"['FAV11', 'FAV6', 'FAV10']","['BON9', 'BON5', 'BON8', 'BON3', 'BON7']",['TW3'],1,12,17,9,"[20, 10, 6, 2, 31, 20, 34]",13,7,3,0,0,04,2013
kin1,126fe960806d587c78546b30f1a90853b1ada468,5,Joe,swarmlings,87,False,"['FAV5', 'FAV12', 'FAV6']","['BON5', 'BON8', 'BON1', 'BON3']","['TW3', 'TW5', 'TW1']",3,4,14,10,"[20, 5, 1, 2, 12, 8, 39]",11,6,2,1,1,04,2013
kin1,126fe960806d587c78546b30f1a90853b1ada468,5,Rabbits,auren,107,False,"['FAV11', 'FAV9']","['BON9', 'BON1', 'BON6', 'BON4', 'BON7']",['TW5'],1,1,29,8,"[20, 1, 4, 3, 6, 5, 68]",12,4,1,1,0,04,2013
kin1,126fe960806d587c78546b30f1a90853b1ada468,5,Alfred,nomads,118,False,"['FAV5', 'FAV10']","['BON9', 'BON5', 'BON8', 'BON6', 'BON3', 'BON7']","['TW4', 'TW2', 'TW1']",3,3,16,9,"[20, 3, 4, 0, 17, 12, 62]",12,7,2,1,0,04,2013
kin1,126fe960806d587c78546b30f1a90853b1ada468,5,Kin,engineers,87,False,"['FAV3', 'FAV8', 'FAV4']","['BON5', 'BON6', 'BON4', 'BON3']","['TW4', 'TW2']",2,missing,17,10,"[20, 2, -2, -4, 3, 8, 60]",8,4,2,1,1,04,2013
kin2,126fe960806d587c78546b30f1a90853b1ada468,4,Thefeds,auren,113,False,"['FAV11', 'FAV5', 'FAV6']","['BON9', 'BON2', 'BON5', 'BON6', 'BON3']","['TW4', 'TW1']",2,3,26,8,"[20, 0, 2, -2, 15, 12, 66]",11,3,1,1,1,04,2013
kin2,126fe960806d587c78546b30f1a90853b1ada468,4,Rabbits,alchemists,124,True,"['FAV11', 'FAV5', 'FAV7']","['BON2', 'BON5', 'BON6', 'BON3']",['TW3'],2,6,12,10,"[20, 5, 2, 17, 6, 34, 40]",11,3,2,1,1,04,2013
kin2,126fe960806d587c78546b30f1a90853b1ada468,4,Alfred,giants,78,False,"['FAV5', 'FAV1']","['BON9', 'BON2', 'BON8', 'BON6', 'BON3']","['TW2', 'TW1']",2,12,10,9,"[20, 12, 4, -2, 11, 6, 27]",8,4,1,1,1,04,2013
kin2,126fe960806d587c78546b30f1a90853b1ada468,4,Kin,halflings,121,False,"['FAV11', 'FAV8']","['BON9', 'BON5', 'BON8', 'BON7']",['TW2'],1,7,19,7,"[20, 0, 11, 8, 23, 18, 41]",11,3,1,0,1,04,2013
kin3,126fe960806d587c78546b30f1a90853b1ada468,5,Rabbits,chaosmagicians,95,False,"['FAV11', 'FAV5', 'FAV7', 'FAV10', 'FAV3', 'FAV9', 'FAV8', 'FAV4']","['BON2', 'BON1', 'BON4', 'BON7']",['TW1'],1,1,15,7,"[20, 2, 5, 0, 13, 11, 44]",7,6,3,1,1,04,2013
kin3,126fe960806d587c78546b30f1a90853b1ada468,5,Thefeds,mermaids,109,False,['FAV10'],"['BON9', 'BON2', 'BON1', 'BON6', 'BON7']",['TW1'],1,1,25,7,"[20, -1, 11, 10, 9, 19, 41]",11,6,1,1,0,04,2013
kin3,126fe960806d587c78546b30f1a90853b1ada468,5,jbrier,fakirs,125,True,"['FAV12', 'FAV9']","['BON2', 'BON5', 'BON8', 'BON1', 'BON6']","['TW2', 'TW5']",2,1,35,7,"[20, 1, 0, 9, 21, 15, 59]",13,5,1,1,1,04,2013
kin3,126fe960806d587c78546b30f1a90853b1ada468,5,Alfred,darklings,109,False,"['FAV11', 'FAV7', 'FAV9']","['BON9', 'BON5', 'BON8', 'BON4']","['TW2', 'TW5']",2,12,23,7,"[20, 7, 2, 9, 12, 20, 39]",12,4,2,1,1,04,2013
kin3,126fe960806d587c78546b30f1a90853b1ada468,5,Kin,dwarves,120,False,"['FAV11', 'FAV5']","['BON9', 'BON5', 'BON8', 'BON6']",['TW3'],2,3,26,10,"[20, -5, 5, 6, 5, 27, 62]",11,3,1,1,1,04,2013
lva1,126fe960806d587c78546b30f1a90853b1ada468,2,boomtron,chaosmagicians,164,True,"['FAV11', 'FAV5', 'FAV12', 'FAV7', 'FAV10', 'FAV8']","['BON5', 'BON1', 'BON3', 'BON7']","['TW4', 'TW3', 'TW1']",3,2,14,9,"[20, 3, 4, 10, 7, 39, 81]",14,6,2,0,1,04,2013
lva1,126fe960806d587c78546b30f1a90853b1ada468,2,LemonyFresh,darklings,108,False,"['FAV2', 'FAV6', 'FAV3']","['BON5', 'BON8', 'BON3']","['TW3', 'TW1']",2,9,8,4,"[20, 5, 0, 8, 9, 16, 50]",13,6,3,0,0,04,2013
lva2,126fe960806d587c78546b30f1a90853b1ada468,2,boomtron,halflings,149,True,"['FAV12', 'FAV9']","['BON9', 'BON2', 'BON5', 'BON8', 'BON7']","['TW2', 'TW3']",2,12,3,9,"[20, 4, 6, 18, 25, 21, 55]",12,4,1,1,1,04,2013
lva2,126fe960806d587c78546b30f1a90853b1ada468,2,LemonyFresh,engineers,115,False,"['FAV7', 'FAV8']","['BON9', 'BON5', 'BON8', 'BON7']","['TW2', 'TW5']",2,3,5,8,"[20, 10, 10, 7, 0, 13, 65]",10,4,2,1,0,04,2013
lva3,126fe960806d587c78546b30f1a90853b1ada468,2,boomtron,auren,119,False,"['FAV11', 'FAV10', 'FAV8']","['BON9', 'BON8', 'BON4', 'BON3']","['TW4', 'TW1']",2,1,9,7,"[20, 3, 4, 3, 3, 18, 68]",13,5,2,1,0,04,2013
lva3,126fe960806d587c78546b30f1a90853b1ada468,2,LemonyFresh,mermaids,138,True,"['FAV5', 'FAV10', 'FAV9']","['BON9', 'BON8', 'BON4', 'BON3', 'BON7']","['TW5', 'TW1']",2,2,15,8,"[20, 3, 7, 8, 22, 6, 72]",13,5,2,0,1,04,2013
marcelp2,126fe960806d587c78546b30f1a90853b1ada468,5,,mermaids,129,True,"['FAV5', 'FAV6', 'FAV1']","['BON5', 'BON8', 'BON6', 'BON3', 'BON7']","['TW2', 'TW5', 'TW1']",3,4,17,7,"[20, 2, 8, 8, 13, 5, 73]",13,5,2,1,1,04,2013
marcelp2,126fe960806d587c78546b30f1a90853b1ada468,5,,fakirs,93,False,"['FAV5', 'FAV9']","['BON9', 'BON2', 'BON5', 'BON6']",['TW3'],1,3,20,8,"[20, 10, 7, 6, 10, 11, 29]",11,3,1,1,1,04,2013
marcelp2,126fe960806d587c78546b30f1a90853b1ada468,5,,halflings,94,False,"['FAV5', 'FAV8']","['BON2', 'BON5', 'BON8', 'BON4', 'BON7']","['TW4', 'TW5']",2,9,9,6,"[20, 3, 6, 12, 7, 13, 33]",8,3,1,1,1,04,2013
marcelp2,126fe960806d587c78546b30f1a90853b1ada468,5,,witches,121,False,"['FAV12', 'FAV6']","['BON9', 'BON2', 'BON6', 'BON7']","['TW4', 'TW2']",2,3,16,5,"[20, 3, 6, 8, 24, 15, 45]",12,6,1,1,1,04,2013